report_start_date,report_end_date,marketplace,advertiser_id,touchpoint,campaign_group_id,campaign_id,ad_group_id,keyword_id,keyword_text,match_type,target_id,audience_id,advertised_asin,sku_id,unique_users,journey_count,impressions,clicks,cost,assisted_converted_users,assisted_purchase_count,assisted_revenue,reported_purchases,reported_sales
2026-01-01,2026-03-31,US,adv_demo_001,AMAZON_DSP:AUDIO:UNSPECIFIED:UNSPECIFIED:IMPRESSION,CG_DEMO_001,C_DEMO_DSP,C_DEMO_DSP_AG01,,,,TGT_DSP_AUDIO_2,AUD_LIFESTYLE_FITNESS,B0DEMOTRAILB,SKU_TRAIL_BLUE,187,191,191,0,3.82,60,69,5779.47,0,0.0
2026-01-01,2026-03-31,US,adv_demo_001,AMAZON_DSP:AUDIO:UNSPECIFIED:UNSPECIFIED:IMPRESSION,CG_DEMO_001,C_DEMO_DSP,C_DEMO_DSP_AG02,,,,TGT_DSP_AUDIO_1,AUD_IN_MARKET_RUNNING,B0DEMOPEG41W,SKU_PEG_WHITE,192,194,194,0,3.88,59,65,5531.2,0,0.0
2026-01-01,2026-03-31,US,adv_demo_001,AMAZON_DSP:DISPLAY:UNSPECIFIED:IMAGE:IMPRESSION,CG_DEMO_001,C_DEMO_DSP,C_DEMO_DSP_AG01,,,,TGT_DSP_DISPLAY_1,AUD_IN_MARKET_RUNNING,B0DEMOTRAILB,SKU_TRAIL_BLUE,220,222,222,0,2.22,72,81,7778.65,0,0.0
2026-01-01,2026-03-31,US,adv_demo_001,AMAZON_DSP:DISPLAY:UNSPECIFIED:IMAGE:IMPRESSION,CG_DEMO_001,C_DEMO_DSP,C_DEMO_DSP_AG02,,,,TGT_DSP_DISPLAY_2,AUD_LIFESTYLE_FITNESS,B0DEMOVOMEROR,SKU_VOMERO_RED,216,221,221,0,2.21,78,86,8358.99,0,0.0
2026-01-01,2026-03-31,US,adv_demo_001,AMAZON_DSP:ONLINE_VIDEO:UNSPECIFIED:VIDEO:IMPRESSION,CG_DEMO_001,C_DEMO_DSP,C_DEMO_DSP_AG01,,,,TGT_DSP_ONLINE_VIDEO_2,AUD_LIFESTYLE_FITNESS,B0DEMOPEG41B,SKU_PEG_BLACK,239,242,242,0,4.84,94,105,9585.07,0,0.0
2026-01-01,2026-03-31,US,adv_demo_001,AMAZON_DSP:ONLINE_VIDEO:UNSPECIFIED:VIDEO:IMPRESSION,CG_DEMO_001,C_DEMO_DSP,C_DEMO_DSP_AG02,,,,TGT_DSP_ONLINE_VIDEO_1,AUD_IN_MARKET_RUNNING,B0DEMOVOMEROR,SKU_VOMERO_RED,247,248,248,0,4.96,96,105,9746.56,0,0.0
2026-01-01,2026-03-31,US,adv_demo_001,AMAZON_DSP:STREAMING_TV:UNSPECIFIED:VIDEO:IMPRESSION,CG_DEMO_001,C_DEMO_DSP,C_DEMO_DSP_AG01,,,,TGT_DSP_STREAMING_TV_1,AUD_IN_MARKET_RUNNING,B0DEMOPEG41B,SKU_PEG_BLACK,196,198,198,0,5.94,74,83,8184.82,0,0.0
2026-01-01,2026-03-31,US,adv_demo_001,AMAZON_DSP:STREAMING_TV:UNSPECIFIED:VIDEO:IMPRESSION,CG_DEMO_001,C_DEMO_DSP,C_DEMO_DSP_AG02,,,,TGT_DSP_STREAMING_TV_2,AUD_LIFESTYLE_FITNESS,B0DEMOPEG41W,SKU_PEG_WHITE,199,200,200,0,6.0,82,90,8480.2,0,0.0
2026-01-01,2026-03-31,US,adv_demo_001,SPONSORED_BRANDS:COMPONENT:TOP_OF_SEARCH:IMAGE:CLICK,CG_DEMO_001,C_DEMO_SB,C_DEMO_SB_AG01,K_RUNNING_EXACT,running shoes,EXACT,TGT_SB_K_RUNNING_EXACT_EXACT,,B0DEMOTRAILB,SKU_TRAIL_BLUE,231,235,0,235,282.65,81,90,7210.99,32,2539.0
2026-01-01,2026-03-31,US,adv_demo_001,SPONSORED_BRANDS:COMPONENT:TOP_OF_SEARCH:IMAGE:CLICK,CG_DEMO_001,C_DEMO_SB,C_DEMO_SB_AG02,K_DISCOVERY,new running shoe styles,BROAD,TGT_SB_K_DISCOVERY_BROAD,,B0DEMOPEG41W,SKU_PEG_WHITE,231,235,0,235,282.44,76,87,6872.56,30,2427.1
2026-01-01,2026-03-31,US,adv_demo_001,SPONSORED_BRANDS:COMPONENT:TOP_OF_SEARCH:IMAGE:IMPRESSION,CG_DEMO_001,C_DEMO_SB,C_DEMO_SB_AG01,K_RUNNING_EXACT,running shoes,EXACT,TGT_SB_K_RUNNING_EXACT_EXACT,,B0DEMOTRAILB,SKU_TRAIL_BLUE,236,241,241,0,0.0,90,100,8122.8,0,0.0
2026-01-01,2026-03-31,US,adv_demo_001,SPONSORED_BRANDS:COMPONENT:TOP_OF_SEARCH:IMAGE:IMPRESSION,CG_DEMO_001,C_DEMO_SB,C_DEMO_SB_AG02,K_DISCOVERY,new running shoe styles,BROAD,TGT_SB_K_DISCOVERY_BROAD,,B0DEMOPEG41W,SKU_PEG_WHITE,236,240,240,0,0.0,83,91,7394.24,0,0.0
2026-01-01,2026-03-31,US,adv_demo_001,SPONSORED_BRANDS:DISPLAY:REST_OF_SEARCH:IMAGE:IMPRESSION,CG_DEMO_001,C_DEMO_SB,C_DEMO_SB_AG01,K_RUNNING_EXACT,running shoes,EXACT,TGT_SB_K_RUNNING_EXACT_EXACT,,B0DEMOTRAILB,SKU_TRAIL_BLUE,197,198,198,0,0.0,69,77,6386.44,0,0.0
2026-01-01,2026-03-31,US,adv_demo_001,SPONSORED_BRANDS:DISPLAY:REST_OF_SEARCH:IMAGE:IMPRESSION,CG_DEMO_001,C_DEMO_SB,C_DEMO_SB_AG02,K_NIKE_EXACT,nike running shoes,PHRASE,TGT_SB_K_NIKE_EXACT_PHRASE,,B0DEMOVOMEROR,SKU_VOMERO_RED,198,201,201,0,0.0,68,74,6274.12,0,0.0
2026-01-01,2026-03-31,US,adv_demo_001,SPONSORED_BRANDS:VIDEO:TOP_OF_SEARCH:VIDEO:CLICK,CG_DEMO_001,C_DEMO_SB,C_DEMO_SB_AG01,K_LIGHTWEIGHT,lightweight running shoes,PHRASE,TGT_SB_K_LIGHTWEIGHT_PHRASE,,B0DEMOPEG41B,SKU_PEG_BLACK,231,234,0,234,322.95,96,105,9165.54,58,5410.95
2026-01-01,2026-03-31,US,adv_demo_001,SPONSORED_BRANDS:VIDEO:TOP_OF_SEARCH:VIDEO:CLICK,CG_DEMO_001,C_DEMO_SB,C_DEMO_SB_AG02,K_NIKE_EXACT,nike running shoes,PHRASE,TGT_SB_K_NIKE_EXACT_PHRASE,,B0DEMOVOMEROR,SKU_VOMERO_RED,225,227,0,227,313.03,89,102,8802.57,59,5418.79
2026-01-01,2026-03-31,US,adv_demo_001,SPONSORED_BRANDS:VIDEO:TOP_OF_SEARCH:VIDEO:IMPRESSION,CG_DEMO_001,C_DEMO_SB,C_DEMO_SB_AG01,K_LIGHTWEIGHT,lightweight running shoes,PHRASE,TGT_SB_K_LIGHTWEIGHT_PHRASE,,B0DEMOPEG41B,SKU_PEG_BLACK,229,234,234,0,0.0,86,95,8374.45,0,0.0
2026-01-01,2026-03-31,US,adv_demo_001,SPONSORED_BRANDS:VIDEO:TOP_OF_SEARCH:VIDEO:IMPRESSION,CG_DEMO_001,C_DEMO_SB,C_DEMO_SB_AG02,K_NIKE_EXACT,nike running shoes,PHRASE,TGT_SB_K_NIKE_EXACT_PHRASE,,B0DEMOVOMEROR,SKU_VOMERO_RED,230,233,233,0,0.0,86,96,8550.04,0,0.0
2026-01-01,2026-03-31,US,adv_demo_001,SPONSORED_DISPLAY:DISPLAY:PRODUCT_PAGE:IMAGE:CLICK,CG_DEMO_001,C_DEMO_SD,C_DEMO_SD_AG01,,,,TGT_SD_PRODUCT_SKU_PEG_BLACK,AUD_PRODUCT_VIEWERS,B0DEMOPEG41B,SKU_PEG_BLACK,232,234,0,234,214.14,85,92,7366.18,61,4852.51
2026-01-01,2026-03-31,US,adv_demo_001,SPONSORED_DISPLAY:DISPLAY:PRODUCT_PAGE:IMAGE:CLICK,CG_DEMO_001,C_DEMO_SD,C_DEMO_SD_AG02,,,,TGT_SD_PRODUCT_SKU_PEG_WHITE,AUD_CATEGORY_INTEREST,B0DEMOPEG41W,SKU_PEG_WHITE,234,237,0,237,217.12,86,95,7480.2,62,4812.09
2026-01-01,2026-03-31,US,adv_demo_001,SPONSORED_DISPLAY:DISPLAY:PRODUCT_PAGE:IMAGE:IMPRESSION,CG_DEMO_001,C_DEMO_SD,C_DEMO_SD_AG01,,,,TGT_SD_PRODUCT_SKU_PEG_BLACK,AUD_PRODUCT_VIEWERS,B0DEMOPEG41B,SKU_PEG_BLACK,203,206,206,0,0.0,68,74,5961.2,0,0.0
2026-01-01,2026-03-31,US,adv_demo_001,SPONSORED_DISPLAY:DISPLAY:PRODUCT_PAGE:IMAGE:IMPRESSION,CG_DEMO_001,C_DEMO_SD,C_DEMO_SD_AG02,,,,TGT_SD_PRODUCT_SKU_PEG_WHITE,AUD_CATEGORY_INTEREST,B0DEMOPEG41W,SKU_PEG_WHITE,201,203,203,0,0.0,66,73,6007.2,0,0.0
2026-01-01,2026-03-31,US,adv_demo_001,SPONSORED_DISPLAY:DISPLAY:PRODUCT_PAGE:VIDEO:IMPRESSION,CG_DEMO_001,C_DEMO_SD,C_DEMO_SD_AG01,,,,TGT_SD_PRODUCT_SKU_TRAIL_BLUE,AUD_CATEGORY_INTEREST,B0DEMOTRAILB,SKU_TRAIL_BLUE,217,221,221,0,0.0,80,88,8018.17,0,0.0
2026-01-01,2026-03-31,US,adv_demo_001,SPONSORED_DISPLAY:DISPLAY:PRODUCT_PAGE:VIDEO:IMPRESSION,CG_DEMO_001,C_DEMO_SD,C_DEMO_SD_AG02,,,,TGT_SD_PRODUCT_SKU_PEG_WHITE,AUD_PRODUCT_VIEWERS,B0DEMOPEG41W,SKU_PEG_WHITE,223,226,226,0,0.0,88,98,8652.27,0,0.0
2026-01-01,2026-03-31,US,adv_demo_001,SPONSORED_DISPLAY:VIDEO:PRODUCT_PAGE:VIDEO:CLICK,CG_DEMO_001,C_DEMO_SD,C_DEMO_SD_AG01,,,,TGT_SD_PRODUCT_SKU_TRAIL_BLUE,AUD_PRODUCT_VIEWERS,B0DEMOTRAILB,SKU_TRAIL_BLUE,216,222,0,222,262.19,87,97,8504.04,69,5973.23
2026-01-01,2026-03-31,US,adv_demo_001,SPONSORED_DISPLAY:VIDEO:PRODUCT_PAGE:VIDEO:CLICK,CG_DEMO_001,C_DEMO_SD,C_DEMO_SD_AG02,,,,TGT_SD_PRODUCT_SKU_VOMERO_RED,AUD_CATEGORY_INTEREST,B0DEMOVOMEROR,SKU_VOMERO_RED,227,228,0,228,269.37,90,102,8868.81,74,6396.62
2026-01-01,2026-03-31,US,adv_demo_001,SPONSORED_PRODUCTS:PRODUCT_AD:PRODUCT_PAGE:UNSPECIFIED:CLICK,CG_DEMO_001,C_DEMO_SP,C_DEMO_SP_AG01,K_RUNNING_EXACT,running shoes,EXACT,TGT_SP_K_RUNNING_EXACT_EXACT,,B0DEMOPEG41B,SKU_PEG_BLACK,230,230,0,230,203.17,72,81,7029.59,66,5806.98
2026-01-01,2026-03-31,US,adv_demo_001,SPONSORED_PRODUCTS:PRODUCT_AD:PRODUCT_PAGE:UNSPECIFIED:CLICK,CG_DEMO_001,C_DEMO_SP,C_DEMO_SP_AG02,K_DISCOVERY,new running shoe styles,BROAD,TGT_SP_K_DISCOVERY_BROAD,,B0DEMOVOMEROR,SKU_VOMERO_RED,228,233,0,233,205.55,78,85,7440.66,62,5566.13
2026-01-01,2026-03-31,US,adv_demo_001,SPONSORED_PRODUCTS:PRODUCT_AD:REST_OF_SEARCH:UNSPECIFIED:CLICK,CG_DEMO_001,C_DEMO_SP,C_DEMO_SP_AG01,K_RUNNING_EXACT,running shoes,EXACT,TGT_SP_K_RUNNING_EXACT_EXACT,,B0DEMOPEG41B,SKU_PEG_BLACK,206,210,0,210,172.91,72,77,6384.08,45,3661.66
2026-01-01,2026-03-31,US,adv_demo_001,SPONSORED_PRODUCTS:PRODUCT_AD:REST_OF_SEARCH:UNSPECIFIED:CLICK,CG_DEMO_001,C_DEMO_SP,C_DEMO_SP_AG02,K_NIKE_EXACT,nike running shoes,PHRASE,TGT_SP_K_NIKE_EXACT_PHRASE,,B0DEMOPEG41W,SKU_PEG_WHITE,207,209,0,209,172.02,73,82,6798.55,50,4108.81
2026-01-01,2026-03-31,US,adv_demo_001,SPONSORED_PRODUCTS:PRODUCT_AD:TOP_OF_SEARCH:UNSPECIFIED:CLICK,CG_DEMO_001,C_DEMO_SP,C_DEMO_SP_AG01,K_LIGHTWEIGHT,lightweight running shoes,PHRASE,TGT_SP_K_LIGHTWEIGHT_PHRASE,,B0DEMOTRAILB,SKU_TRAIL_BLUE,231,236,0,236,241.4,103,115,9581.89,76,6419.88
2026-01-01,2026-03-31,US,adv_demo_001,SPONSORED_PRODUCTS:PRODUCT_AD:TOP_OF_SEARCH:UNSPECIFIED:CLICK,CG_DEMO_001,C_DEMO_SP,C_DEMO_SP_AG02,K_NIKE_EXACT,nike running shoes,PHRASE,TGT_SP_K_NIKE_EXACT_PHRASE,,B0DEMOPEG41W,SKU_PEG_WHITE,234,234,0,234,239.22,92,104,8687.03,73,6164.39
2026-01-01,2026-03-31,US,adv_demo_001,SPONSORED_PRODUCTS:PRODUCT_AD:TOP_OF_SEARCH:UNSPECIFIED:IMPRESSION,CG_DEMO_001,C_DEMO_SP,C_DEMO_SP_AG01,K_LIGHTWEIGHT,lightweight running shoes,PHRASE,TGT_SP_K_LIGHTWEIGHT_PHRASE,,B0DEMOTRAILB,SKU_TRAIL_BLUE,231,237,237,0,0.0,89,99,8024.67,0,0.0
2026-01-01,2026-03-31,US,adv_demo_001,SPONSORED_PRODUCTS:PRODUCT_AD:TOP_OF_SEARCH:UNSPECIFIED:IMPRESSION,CG_DEMO_001,C_DEMO_SP,C_DEMO_SP_AG02,K_NIKE_EXACT,nike running shoes,PHRASE,TGT_SP_K_NIKE_EXACT_PHRASE,,B0DEMOPEG41W,SKU_PEG_WHITE,237,240,240,0,0.0,88,97,7911.49,0,0.0
