journey_id,event_type,event_time,ad_product,format,placement,creative,interaction_type,marketplace,advertiser_id,users,converted_users,purchase_count,revenue,new_to_brand_purchases
annual_01_00,TOUCHPOINT,2026-01-11T12:00:00Z,AMAZON_DSP,AUDIO,,,IMPRESSION,,,,,,,
annual_01_00,TOUCHPOINT,2026-01-15T12:00:00Z,AMAZON_DSP,DISPLAY,,IMAGE,IMPRESSION,,,,,,,
annual_01_00,TOUCHPOINT,2026-01-18T12:00:00Z,AMAZON_DSP,ONLINE_VIDEO,,VIDEO,IMPRESSION,,,,,,,
annual_01_00,CONVERSION,2026-01-20T12:00:00Z,,,,,,US,adv_demo_001,54,27,36,2628.00,0
annual_01_00,CONVERSION,2026-01-20T13:00:00Z,,,,,,US,adv_demo_001,44,24,31,2263.00,3
annual_01_01,TOUCHPOINT,2026-01-12T12:00:00Z,AMAZON_DSP,DISPLAY,,IMAGE,IMPRESSION,,,,,,,
annual_01_01,TOUCHPOINT,2026-01-16T12:00:00Z,AMAZON_DSP,ONLINE_VIDEO,,VIDEO,IMPRESSION,,,,,,,
annual_01_01,TOUCHPOINT,2026-01-19T12:00:00Z,SPONSORED_BRANDS,COMPONENT,TOP_OF_SEARCH,IMAGE,IMPRESSION,,,,,,,
annual_01_01,CONVERSION,2026-01-21T12:00:00Z,,,,,,US,adv_demo_001,56,28,31,2294.00,1
annual_01_02,TOUCHPOINT,2026-01-13T12:00:00Z,AMAZON_DSP,ONLINE_VIDEO,,VIDEO,IMPRESSION,,,,,,,
annual_01_02,TOUCHPOINT,2026-01-17T12:00:00Z,AMAZON_DSP,STREAMING_TV,,VIDEO,IMPRESSION,,,,,,,
annual_01_02,TOUCHPOINT,2026-01-20T12:00:00Z,SPONSORED_BRANDS,DISPLAY,REST_OF_SEARCH,IMAGE,IMPRESSION,,,,,,,
annual_01_02,CONVERSION,2026-01-22T12:00:00Z,,,,,,US,adv_demo_001,47,18,22,1650.00,2
annual_01_03,TOUCHPOINT,2026-01-14T12:00:00Z,AMAZON_DSP,STREAMING_TV,,VIDEO,IMPRESSION,,,,,,,
annual_01_03,TOUCHPOINT,2026-01-18T12:00:00Z,SPONSORED_BRANDS,COMPONENT,TOP_OF_SEARCH,IMAGE,IMPRESSION,,,,,,,
annual_01_03,TOUCHPOINT,2026-01-21T12:00:00Z,SPONSORED_BRANDS,VIDEO,TOP_OF_SEARCH,VIDEO,CLICK,,,,,,,
annual_01_03,CONVERSION,2026-01-23T12:00:00Z,,,,,,US,adv_demo_001,49,19,24,1824.00,3
annual_01_04,TOUCHPOINT,2026-01-15T12:00:00Z,SPONSORED_BRANDS,COMPONENT,TOP_OF_SEARCH,IMAGE,IMPRESSION,,,,,,,
annual_01_04,TOUCHPOINT,2026-01-19T12:00:00Z,SPONSORED_BRANDS,COMPONENT,TOP_OF_SEARCH,IMAGE,CLICK,,,,,,,
annual_01_04,TOUCHPOINT,2026-01-22T12:00:00Z,SPONSORED_DISPLAY,DISPLAY,PRODUCT_PAGE,IMAGE,CLICK,,,,,,,
annual_01_04,CONVERSION,2026-01-24T12:00:00Z,,,,,,US,adv_demo_001,51,20,26,2002.00,0
annual_01_05,TOUCHPOINT,2026-01-11T12:00:00Z,SPONSORED_BRANDS,COMPONENT,TOP_OF_SEARCH,IMAGE,CLICK,,,,,,,
annual_01_05,TOUCHPOINT,2026-01-15T12:00:00Z,SPONSORED_BRANDS,DISPLAY,REST_OF_SEARCH,IMAGE,IMPRESSION,,,,,,,
annual_01_05,TOUCHPOINT,2026-01-18T12:00:00Z,SPONSORED_DISPLAY,VIDEO,PRODUCT_PAGE,VIDEO,CLICK,,,,,,,
annual_01_05,CONVERSION,2026-01-20T12:00:00Z,,,,,,US,adv_demo_001,53,21,28,2184.00,1
annual_01_06,TOUCHPOINT,2026-01-16T12:00:00Z,SPONSORED_BRANDS,DISPLAY,REST_OF_SEARCH,IMAGE,IMPRESSION,,,,,,,
annual_01_06,TOUCHPOINT,2026-01-19T12:00:00Z,SPONSORED_BRANDS,VIDEO,TOP_OF_SEARCH,VIDEO,IMPRESSION,,,,,,,
annual_01_06,CONVERSION,2026-01-21T12:00:00Z,,,,,,US,adv_demo_001,42,22,30,2370.00,2
annual_01_07,TOUCHPOINT,2026-01-17T12:00:00Z,SPONSORED_BRANDS,VIDEO,TOP_OF_SEARCH,VIDEO,IMPRESSION,,,,,,,
annual_01_07,TOUCHPOINT,2026-01-20T12:00:00Z,SPONSORED_BRANDS,VIDEO,TOP_OF_SEARCH,VIDEO,CLICK,,,,,,,
annual_01_07,CONVERSION,2026-01-22T12:00:00Z,,,,,,US,adv_demo_001,44,23,32,2560.00,3
annual_01_08,TOUCHPOINT,2026-01-18T12:00:00Z,SPONSORED_BRANDS,VIDEO,TOP_OF_SEARCH,VIDEO,CLICK,,,,,,,
annual_01_08,TOUCHPOINT,2026-01-21T12:00:00Z,SPONSORED_DISPLAY,DISPLAY,PRODUCT_PAGE,IMAGE,IMPRESSION,,,,,,,
annual_01_08,CONVERSION,2026-01-23T12:00:00Z,,,,,,US,adv_demo_001,46,24,27,2187.00,0
annual_01_09,TOUCHPOINT,2026-01-19T12:00:00Z,SPONSORED_DISPLAY,DISPLAY,PRODUCT_PAGE,IMAGE,IMPRESSION,,,,,,,
annual_01_09,TOUCHPOINT,2026-01-22T12:00:00Z,SPONSORED_DISPLAY,DISPLAY,PRODUCT_PAGE,IMAGE,CLICK,,,,,,,
annual_01_09,CONVERSION,2026-01-24T12:00:00Z,,,,,,US,adv_demo_001,48,25,29,2378.00,1
annual_01_10,TOUCHPOINT,2026-01-15T12:00:00Z,SPONSORED_DISPLAY,DISPLAY,PRODUCT_PAGE,IMAGE,CLICK,,,,,,,
annual_01_10,TOUCHPOINT,2026-01-18T12:00:00Z,SPONSORED_DISPLAY,DISPLAY,PRODUCT_PAGE,VIDEO,IMPRESSION,,,,,,,
annual_01_10,CONVERSION,2026-01-20T12:00:00Z,,,,,,US,adv_demo_001,50,26,31,2573.00,2
annual_01_11,TOUCHPOINT,2026-01-16T12:00:00Z,SPONSORED_DISPLAY,DISPLAY,PRODUCT_PAGE,VIDEO,IMPRESSION,,,,,,,
annual_01_11,TOUCHPOINT,2026-01-19T12:00:00Z,SPONSORED_DISPLAY,VIDEO,PRODUCT_PAGE,VIDEO,CLICK,,,,,,,
annual_01_11,CONVERSION,2026-01-21T12:00:00Z,,,,,,US,adv_demo_001,52,27,33,2772.00,3
annual_02_00,TOUCHPOINT,2026-02-11T12:00:00Z,SPONSORED_DISPLAY,VIDEO,PRODUCT_PAGE,VIDEO,CLICK,,,,,,,
annual_02_00,TOUCHPOINT,2026-02-15T12:00:00Z,SPONSORED_PRODUCTS,PRODUCT_AD,PRODUCT_PAGE,,CLICK,,,,,,,
annual_02_00,TOUCHPOINT,2026-02-18T12:00:00Z,SPONSORED_DISPLAY,DISPLAY,PRODUCT_PAGE,IMAGE,IMPRESSION,,,,,,,
annual_02_00,CONVERSION,2026-02-20T12:00:00Z,,,,,,US,adv_demo_001,46,25,33,2442.00,0
annual_02_00,CONVERSION,2026-02-20T13:00:00Z,,,,,,US,adv_demo_001,49,22,28,2072.00,3
annual_02_01,TOUCHPOINT,2026-02-12T12:00:00Z,SPONSORED_PRODUCTS,PRODUCT_AD,PRODUCT_PAGE,,CLICK,,,,,,,
annual_02_01,TOUCHPOINT,2026-02-16T12:00:00Z,SPONSORED_PRODUCTS,PRODUCT_AD,REST_OF_SEARCH,,CLICK,,,,,,,
annual_02_01,TOUCHPOINT,2026-02-19T12:00:00Z,SPONSORED_DISPLAY,DISPLAY,PRODUCT_PAGE,VIDEO,IMPRESSION,,,,,,,
annual_02_01,CONVERSION,2026-02-21T12:00:00Z,,,,,,US,adv_demo_001,48,26,35,2625.00,1
annual_02_02,TOUCHPOINT,2026-02-13T12:00:00Z,SPONSORED_PRODUCTS,PRODUCT_AD,REST_OF_SEARCH,,CLICK,,,,,,,
annual_02_02,TOUCHPOINT,2026-02-17T12:00:00Z,SPONSORED_PRODUCTS,PRODUCT_AD,TOP_OF_SEARCH,,IMPRESSION,,,,,,,
annual_02_02,TOUCHPOINT,2026-02-20T12:00:00Z,SPONSORED_PRODUCTS,PRODUCT_AD,PRODUCT_PAGE,,CLICK,,,,,,,
annual_02_02,CONVERSION,2026-02-22T12:00:00Z,,,,,,US,adv_demo_001,50,27,30,2280.00,2
annual_02_03,TOUCHPOINT,2026-02-14T12:00:00Z,SPONSORED_PRODUCTS,PRODUCT_AD,TOP_OF_SEARCH,,IMPRESSION,,,,,,,
annual_02_03,TOUCHPOINT,2026-02-18T12:00:00Z,SPONSORED_PRODUCTS,PRODUCT_AD,TOP_OF_SEARCH,,CLICK,,,,,,,
annual_02_03,TOUCHPOINT,2026-02-21T12:00:00Z,AMAZON_DSP,AUDIO,,,IMPRESSION,,,,,,,
annual_02_03,CONVERSION,2026-02-23T12:00:00Z,,,,,,US,adv_demo_001,52,28,32,2464.00,3
annual_02_04,TOUCHPOINT,2026-02-15T12:00:00Z,SPONSORED_PRODUCTS,PRODUCT_AD,TOP_OF_SEARCH,,CLICK,,,,,,,
annual_02_04,TOUCHPOINT,2026-02-19T12:00:00Z,AMAZON_DSP,AUDIO,,,IMPRESSION,,,,,,,
annual_02_04,TOUCHPOINT,2026-02-22T12:00:00Z,AMAZON_DSP,DISPLAY,,IMAGE,IMPRESSION,,,,,,,
annual_02_04,CONVERSION,2026-02-24T12:00:00Z,,,,,,US,adv_demo_001,43,18,23,1794.00,0
annual_02_05,TOUCHPOINT,2026-02-11T12:00:00Z,AMAZON_DSP,AUDIO,,,IMPRESSION,,,,,,,
annual_02_05,TOUCHPOINT,2026-02-15T12:00:00Z,AMAZON_DSP,ONLINE_VIDEO,,VIDEO,IMPRESSION,,,,,,,
annual_02_05,TOUCHPOINT,2026-02-18T12:00:00Z,AMAZON_DSP,STREAMING_TV,,VIDEO,IMPRESSION,,,,,,,
annual_02_05,CONVERSION,2026-02-20T12:00:00Z,,,,,,US,adv_demo_001,45,19,25,1975.00,1
annual_02_06,TOUCHPOINT,2026-02-16T12:00:00Z,AMAZON_DSP,DISPLAY,,IMAGE,IMPRESSION,,,,,,,
annual_02_06,TOUCHPOINT,2026-02-19T12:00:00Z,AMAZON_DSP,STREAMING_TV,,VIDEO,IMPRESSION,,,,,,,
annual_02_06,CONVERSION,2026-02-21T12:00:00Z,,,,,,US,adv_demo_001,47,20,27,2160.00,2
annual_02_07,TOUCHPOINT,2026-02-17T12:00:00Z,AMAZON_DSP,ONLINE_VIDEO,,VIDEO,IMPRESSION,,,,,,,
annual_02_07,TOUCHPOINT,2026-02-20T12:00:00Z,SPONSORED_BRANDS,COMPONENT,TOP_OF_SEARCH,IMAGE,IMPRESSION,,,,,,,
annual_02_07,CONVERSION,2026-02-22T12:00:00Z,,,,,,US,adv_demo_001,49,21,29,2349.00,3
annual_02_08,TOUCHPOINT,2026-02-18T12:00:00Z,AMAZON_DSP,STREAMING_TV,,VIDEO,IMPRESSION,,,,,,,
annual_02_08,TOUCHPOINT,2026-02-21T12:00:00Z,SPONSORED_BRANDS,COMPONENT,TOP_OF_SEARCH,IMAGE,CLICK,,,,,,,
annual_02_08,CONVERSION,2026-02-23T12:00:00Z,,,,,,US,adv_demo_001,51,22,31,2542.00,0
annual_02_09,TOUCHPOINT,2026-02-19T12:00:00Z,SPONSORED_BRANDS,COMPONENT,TOP_OF_SEARCH,IMAGE,IMPRESSION,,,,,,,
annual_02_09,TOUCHPOINT,2026-02-22T12:00:00Z,SPONSORED_BRANDS,DISPLAY,REST_OF_SEARCH,IMAGE,IMPRESSION,,,,,,,
annual_02_09,CONVERSION,2026-02-24T12:00:00Z,,,,,,US,adv_demo_001,53,23,26,2158.00,1
annual_02_10,TOUCHPOINT,2026-02-15T12:00:00Z,SPONSORED_BRANDS,COMPONENT,TOP_OF_SEARCH,IMAGE,CLICK,,,,,,,
annual_02_10,TOUCHPOINT,2026-02-18T12:00:00Z,SPONSORED_BRANDS,VIDEO,TOP_OF_SEARCH,VIDEO,IMPRESSION,,,,,,,
annual_02_10,CONVERSION,2026-02-20T12:00:00Z,,,,,,US,adv_demo_001,55,24,28,2352.00,2
annual_02_11,TOUCHPOINT,2026-02-16T12:00:00Z,SPONSORED_BRANDS,DISPLAY,REST_OF_SEARCH,IMAGE,IMPRESSION,,,,,,,
annual_02_11,TOUCHPOINT,2026-02-19T12:00:00Z,SPONSORED_BRANDS,VIDEO,TOP_OF_SEARCH,VIDEO,CLICK,,,,,,,
annual_02_11,CONVERSION,2026-02-21T12:00:00Z,,,,,,US,adv_demo_001,57,25,30,2550.00,3
annual_03_00,TOUCHPOINT,2026-03-11T12:00:00Z,SPONSORED_BRANDS,VIDEO,TOP_OF_SEARCH,VIDEO,IMPRESSION,,,,,,,
annual_03_00,TOUCHPOINT,2026-03-15T12:00:00Z,SPONSORED_DISPLAY,DISPLAY,PRODUCT_PAGE,IMAGE,IMPRESSION,,,,,,,
annual_03_00,TOUCHPOINT,2026-03-18T12:00:00Z,AMAZON_DSP,AUDIO,,,IMPRESSION,,,,,,,
annual_03_00,CONVERSION,2026-03-20T12:00:00Z,,,,,,US,adv_demo_001,51,23,30,2250.00,0
annual_03_00,CONVERSION,2026-03-20T13:00:00Z,,,,,,US,adv_demo_001,41,20,25,1875.00,3
annual_03_01,TOUCHPOINT,2026-03-12T12:00:00Z,SPONSORED_BRANDS,VIDEO,TOP_OF_SEARCH,VIDEO,CLICK,,,,,,,
annual_03_01,TOUCHPOINT,2026-03-16T12:00:00Z,SPONSORED_DISPLAY,DISPLAY,PRODUCT_PAGE,IMAGE,CLICK,,,,,,,
annual_03_01,TOUCHPOINT,2026-03-19T12:00:00Z,AMAZON_DSP,ONLINE_VIDEO,,VIDEO,IMPRESSION,,,,,,,
annual_03_01,CONVERSION,2026-03-21T12:00:00Z,,,,,,US,adv_demo_001,53,24,32,2432.00,1
annual_03_02,TOUCHPOINT,2026-03-13T12:00:00Z,SPONSORED_DISPLAY,DISPLAY,PRODUCT_PAGE,IMAGE,IMPRESSION,,,,,,,
annual_03_02,TOUCHPOINT,2026-03-17T12:00:00Z,SPONSORED_DISPLAY,DISPLAY,PRODUCT_PAGE,VIDEO,IMPRESSION,,,,,,,
annual_03_02,TOUCHPOINT,2026-03-20T12:00:00Z,SPONSORED_BRANDS,COMPONENT,TOP_OF_SEARCH,IMAGE,IMPRESSION,,,,,,,
annual_03_02,CONVERSION,2026-03-22T12:00:00Z,,,,,,US,adv_demo_001,55,25,34,2618.00,2
annual_03_03,TOUCHPOINT,2026-03-14T12:00:00Z,SPONSORED_DISPLAY,DISPLAY,PRODUCT_PAGE,IMAGE,CLICK,,,,,,,
annual_03_03,TOUCHPOINT,2026-03-18T12:00:00Z,SPONSORED_DISPLAY,VIDEO,PRODUCT_PAGE,VIDEO,CLICK,,,,,,,
annual_03_03,TOUCHPOINT,2026-03-21T12:00:00Z,SPONSORED_BRANDS,DISPLAY,REST_OF_SEARCH,IMAGE,IMPRESSION,,,,,,,
annual_03_03,CONVERSION,2026-03-23T12:00:00Z,,,,,,US,adv_demo_001,57,26,29,2262.00,3
annual_03_04,TOUCHPOINT,2026-03-15T12:00:00Z,SPONSORED_DISPLAY,DISPLAY,PRODUCT_PAGE,VIDEO,IMPRESSION,,,,,,,
annual_03_04,TOUCHPOINT,2026-03-19T12:00:00Z,SPONSORED_PRODUCTS,PRODUCT_AD,PRODUCT_PAGE,,CLICK,,,,,,,
annual_03_04,TOUCHPOINT,2026-03-22T12:00:00Z,SPONSORED_BRANDS,VIDEO,TOP_OF_SEARCH,VIDEO,CLICK,,,,,,,
annual_03_04,CONVERSION,2026-03-24T12:00:00Z,,,,,,US,adv_demo_001,59,27,31,2449.00,0
annual_03_05,TOUCHPOINT,2026-03-11T12:00:00Z,SPONSORED_DISPLAY,VIDEO,PRODUCT_PAGE,VIDEO,CLICK,,,,,,,
annual_03_05,TOUCHPOINT,2026-03-15T12:00:00Z,SPONSORED_PRODUCTS,PRODUCT_AD,REST_OF_SEARCH,,CLICK,,,,,,,
annual_03_05,TOUCHPOINT,2026-03-18T12:00:00Z,SPONSORED_DISPLAY,DISPLAY,PRODUCT_PAGE,IMAGE,CLICK,,,,,,,
annual_03_05,CONVERSION,2026-03-20T12:00:00Z,,,,,,US,adv_demo_001,48,28,33,2640.00,1
annual_03_06,TOUCHPOINT,2026-03-16T12:00:00Z,SPONSORED_PRODUCTS,PRODUCT_AD,PRODUCT_PAGE,,CLICK,,,,,,,
annual_03_06,TOUCHPOINT,2026-03-19T12:00:00Z,SPONSORED_PRODUCTS,PRODUCT_AD,TOP_OF_SEARCH,,IMPRESSION,,,,,,,
annual_03_06,CONVERSION,2026-03-21T12:00:00Z,,,,,,US,adv_demo_001,39,18,24,1944.00,2
annual_03_07,TOUCHPOINT,2026-03-17T12:00:00Z,SPONSORED_PRODUCTS,PRODUCT_AD,REST_OF_SEARCH,,CLICK,,,,,,,
annual_03_07,TOUCHPOINT,2026-03-20T12:00:00Z,SPONSORED_PRODUCTS,PRODUCT_AD,TOP_OF_SEARCH,,CLICK,,,,,,,
annual_03_07,CONVERSION,2026-03-22T12:00:00Z,,,,,,US,adv_demo_001,41,19,26,2132.00,3
annual_03_08,TOUCHPOINT,2026-03-18T12:00:00Z,SPONSORED_PRODUCTS,PRODUCT_AD,TOP_OF_SEARCH,,IMPRESSION,,,,,,,
annual_03_08,TOUCHPOINT,2026-03-21T12:00:00Z,AMAZON_DSP,AUDIO,,,IMPRESSION,,,,,,,
annual_03_08,CONVERSION,2026-03-23T12:00:00Z,,,,,,US,adv_demo_001,43,20,28,2324.00,0
annual_03_09,TOUCHPOINT,2026-03-19T12:00:00Z,SPONSORED_PRODUCTS,PRODUCT_AD,TOP_OF_SEARCH,,CLICK,,,,,,,
annual_03_09,TOUCHPOINT,2026-03-22T12:00:00Z,AMAZON_DSP,DISPLAY,,IMAGE,IMPRESSION,,,,,,,
annual_03_09,CONVERSION,2026-03-24T12:00:00Z,,,,,,US,adv_demo_001,45,21,30,2520.00,1
annual_03_10,TOUCHPOINT,2026-03-15T12:00:00Z,AMAZON_DSP,AUDIO,,,IMPRESSION,,,,,,,
annual_03_10,TOUCHPOINT,2026-03-18T12:00:00Z,AMAZON_DSP,STREAMING_TV,,VIDEO,IMPRESSION,,,,,,,
annual_03_10,CONVERSION,2026-03-20T12:00:00Z,,,,,,US,adv_demo_001,47,22,25,2125.00,2
annual_03_11,TOUCHPOINT,2026-03-16T12:00:00Z,AMAZON_DSP,DISPLAY,,IMAGE,IMPRESSION,,,,,,,
annual_03_11,TOUCHPOINT,2026-03-19T12:00:00Z,SPONSORED_BRANDS,COMPONENT,TOP_OF_SEARCH,IMAGE,IMPRESSION,,,,,,,
annual_03_11,CONVERSION,2026-03-21T12:00:00Z,,,,,,US,adv_demo_001,49,23,27,2322.00,3
annual_04_00,TOUCHPOINT,2026-04-11T12:00:00Z,AMAZON_DSP,ONLINE_VIDEO,,VIDEO,IMPRESSION,,,,,,,
annual_04_00,TOUCHPOINT,2026-04-15T12:00:00Z,SPONSORED_BRANDS,COMPONENT,TOP_OF_SEARCH,IMAGE,CLICK,,,,,,,
annual_04_00,TOUCHPOINT,2026-04-18T12:00:00Z,SPONSORED_BRANDS,VIDEO,TOP_OF_SEARCH,VIDEO,CLICK,,,,,,,
annual_04_00,CONVERSION,2026-04-20T12:00:00Z,,,,,,US,adv_demo_001,43,21,27,2052.00,0
annual_04_00,CONVERSION,2026-04-20T13:00:00Z,,,,,,US,adv_demo_001,46,18,22,1672.00,3
annual_04_01,TOUCHPOINT,2026-04-12T12:00:00Z,AMAZON_DSP,STREAMING_TV,,VIDEO,IMPRESSION,,,,,,,
annual_04_01,TOUCHPOINT,2026-04-16T12:00:00Z,SPONSORED_BRANDS,DISPLAY,REST_OF_SEARCH,IMAGE,IMPRESSION,,,,,,,
annual_04_01,TOUCHPOINT,2026-04-19T12:00:00Z,SPONSORED_DISPLAY,DISPLAY,PRODUCT_PAGE,IMAGE,CLICK,,,,,,,
annual_04_01,CONVERSION,2026-04-21T12:00:00Z,,,,,,US,adv_demo_001,45,22,29,2233.00,1
annual_04_02,TOUCHPOINT,2026-04-13T12:00:00Z,SPONSORED_BRANDS,COMPONENT,TOP_OF_SEARCH,IMAGE,IMPRESSION,,,,,,,
annual_04_02,TOUCHPOINT,2026-04-17T12:00:00Z,SPONSORED_BRANDS,VIDEO,TOP_OF_SEARCH,VIDEO,IMPRESSION,,,,,,,
annual_04_02,TOUCHPOINT,2026-04-20T12:00:00Z,SPONSORED_DISPLAY,VIDEO,PRODUCT_PAGE,VIDEO,CLICK,,,,,,,
annual_04_02,CONVERSION,2026-04-22T12:00:00Z,,,,,,US,adv_demo_001,47,23,31,2418.00,2
annual_04_03,TOUCHPOINT,2026-04-14T12:00:00Z,SPONSORED_BRANDS,COMPONENT,TOP_OF_SEARCH,IMAGE,CLICK,,,,,,,
annual_04_03,TOUCHPOINT,2026-04-18T12:00:00Z,SPONSORED_BRANDS,VIDEO,TOP_OF_SEARCH,VIDEO,CLICK,,,,,,,
annual_04_03,TOUCHPOINT,2026-04-21T12:00:00Z,SPONSORED_PRODUCTS,PRODUCT_AD,REST_OF_SEARCH,,CLICK,,,,,,,
annual_04_03,CONVERSION,2026-04-23T12:00:00Z,,,,,,US,adv_demo_001,49,24,33,2607.00,3
annual_04_04,TOUCHPOINT,2026-04-15T12:00:00Z,SPONSORED_BRANDS,DISPLAY,REST_OF_SEARCH,IMAGE,IMPRESSION,,,,,,,
annual_04_04,TOUCHPOINT,2026-04-19T12:00:00Z,SPONSORED_DISPLAY,DISPLAY,PRODUCT_PAGE,IMAGE,IMPRESSION,,,,,,,
annual_04_04,TOUCHPOINT,2026-04-22T12:00:00Z,SPONSORED_PRODUCTS,PRODUCT_AD,TOP_OF_SEARCH,,CLICK,,,,,,,
annual_04_04,CONVERSION,2026-04-24T12:00:00Z,,,,,,US,adv_demo_001,51,25,28,2240.00,0
annual_04_05,TOUCHPOINT,2026-04-11T12:00:00Z,SPONSORED_BRANDS,VIDEO,TOP_OF_SEARCH,VIDEO,IMPRESSION,,,,,,,
annual_04_05,TOUCHPOINT,2026-04-15T12:00:00Z,SPONSORED_DISPLAY,DISPLAY,PRODUCT_PAGE,IMAGE,CLICK,,,,,,,
annual_04_05,TOUCHPOINT,2026-04-18T12:00:00Z,AMAZON_DSP,DISPLAY,,IMAGE,IMPRESSION,,,,,,,
annual_04_05,CONVERSION,2026-04-20T12:00:00Z,,,,,,US,adv_demo_001,53,26,30,2430.00,1
annual_04_06,TOUCHPOINT,2026-04-16T12:00:00Z,SPONSORED_BRANDS,VIDEO,TOP_OF_SEARCH,VIDEO,CLICK,,,,,,,
annual_04_06,TOUCHPOINT,2026-04-19T12:00:00Z,SPONSORED_DISPLAY,DISPLAY,PRODUCT_PAGE,VIDEO,IMPRESSION,,,,,,,
annual_04_06,CONVERSION,2026-04-21T12:00:00Z,,,,,,US,adv_demo_001,55,27,32,2624.00,2
annual_04_07,TOUCHPOINT,2026-04-17T12:00:00Z,SPONSORED_DISPLAY,DISPLAY,PRODUCT_PAGE,IMAGE,IMPRESSION,,,,,,,
annual_04_07,TOUCHPOINT,2026-04-20T12:00:00Z,SPONSORED_DISPLAY,VIDEO,PRODUCT_PAGE,VIDEO,CLICK,,,,,,,
annual_04_07,CONVERSION,2026-04-22T12:00:00Z,,,,,,US,adv_demo_001,57,28,34,2822.00,3
annual_04_08,TOUCHPOINT,2026-04-18T12:00:00Z,SPONSORED_DISPLAY,DISPLAY,PRODUCT_PAGE,IMAGE,CLICK,,,,,,,
annual_04_08,TOUCHPOINT,2026-04-21T12:00:00Z,SPONSORED_PRODUCTS,PRODUCT_AD,PRODUCT_PAGE,,CLICK,,,,,,,
annual_04_08,CONVERSION,2026-04-23T12:00:00Z,,,,,,US,adv_demo_001,48,18,25,2100.00,0
annual_04_09,TOUCHPOINT,2026-04-19T12:00:00Z,SPONSORED_DISPLAY,DISPLAY,PRODUCT_PAGE,VIDEO,IMPRESSION,,,,,,,
annual_04_09,TOUCHPOINT,2026-04-22T12:00:00Z,SPONSORED_PRODUCTS,PRODUCT_AD,REST_OF_SEARCH,,CLICK,,,,,,,
annual_04_09,CONVERSION,2026-04-24T12:00:00Z,,,,,,US,adv_demo_001,50,19,27,2295.00,1
annual_04_10,TOUCHPOINT,2026-04-15T12:00:00Z,SPONSORED_DISPLAY,VIDEO,PRODUCT_PAGE,VIDEO,CLICK,,,,,,,
annual_04_10,TOUCHPOINT,2026-04-18T12:00:00Z,SPONSORED_PRODUCTS,PRODUCT_AD,TOP_OF_SEARCH,,IMPRESSION,,,,,,,
annual_04_10,CONVERSION,2026-04-20T12:00:00Z,,,,,,US,adv_demo_001,52,20,29,2494.00,2
annual_04_11,TOUCHPOINT,2026-04-16T12:00:00Z,SPONSORED_PRODUCTS,PRODUCT_AD,PRODUCT_PAGE,,CLICK,,,,,,,
annual_04_11,TOUCHPOINT,2026-04-19T12:00:00Z,SPONSORED_PRODUCTS,PRODUCT_AD,TOP_OF_SEARCH,,CLICK,,,,,,,
annual_04_11,CONVERSION,2026-04-21T12:00:00Z,,,,,,US,adv_demo_001,41,21,24,2088.00,3
annual_05_00,TOUCHPOINT,2026-05-11T12:00:00Z,SPONSORED_PRODUCTS,PRODUCT_AD,REST_OF_SEARCH,,CLICK,,,,,,,
annual_05_00,TOUCHPOINT,2026-05-15T12:00:00Z,AMAZON_DSP,AUDIO,,,IMPRESSION,,,,,,,
annual_05_00,TOUCHPOINT,2026-05-18T12:00:00Z,SPONSORED_PRODUCTS,PRODUCT_AD,TOP_OF_SEARCH,,IMPRESSION,,,,,,,
annual_05_00,CONVERSION,2026-05-20T12:00:00Z,,,,,,US,adv_demo_001,48,19,24,1848.00,0
annual_05_00,CONVERSION,2026-05-20T13:00:00Z,,,,,,US,adv_demo_001,49,27,30,2310.00,3
annual_05_01,TOUCHPOINT,2026-05-12T12:00:00Z,SPONSORED_PRODUCTS,PRODUCT_AD,TOP_OF_SEARCH,,IMPRESSION,,,,,,,
annual_05_01,TOUCHPOINT,2026-05-16T12:00:00Z,AMAZON_DSP,DISPLAY,,IMAGE,IMPRESSION,,,,,,,
annual_05_01,TOUCHPOINT,2026-05-19T12:00:00Z,AMAZON_DSP,AUDIO,,,IMPRESSION,,,,,,,
annual_05_01,CONVERSION,2026-05-21T12:00:00Z,,,,,,US,adv_demo_001,50,20,26,2028.00,1
annual_05_02,TOUCHPOINT,2026-05-13T12:00:00Z,SPONSORED_PRODUCTS,PRODUCT_AD,TOP_OF_SEARCH,,CLICK,,,,,,,
annual_05_02,TOUCHPOINT,2026-05-17T12:00:00Z,AMAZON_DSP,ONLINE_VIDEO,,VIDEO,IMPRESSION,,,,,,,
annual_05_02,TOUCHPOINT,2026-05-20T12:00:00Z,AMAZON_DSP,STREAMING_TV,,VIDEO,IMPRESSION,,,,,,,
annual_05_02,CONVERSION,2026-05-22T12:00:00Z,,,,,,US,adv_demo_001,52,21,28,2212.00,2
annual_05_03,TOUCHPOINT,2026-05-14T12:00:00Z,AMAZON_DSP,AUDIO,,,IMPRESSION,,,,,,,
annual_05_03,TOUCHPOINT,2026-05-18T12:00:00Z,SPONSORED_BRANDS,COMPONENT,TOP_OF_SEARCH,IMAGE,IMPRESSION,,,,,,,
annual_05_03,TOUCHPOINT,2026-05-21T12:00:00Z,SPONSORED_BRANDS,COMPONENT,TOP_OF_SEARCH,IMAGE,CLICK,,,,,,,
annual_05_03,CONVERSION,2026-05-23T12:00:00Z,,,,,,US,adv_demo_001,54,22,30,2400.00,3
annual_05_04,TOUCHPOINT,2026-05-15T12:00:00Z,AMAZON_DSP,DISPLAY,,IMAGE,IMPRESSION,,,,,,,
annual_05_04,TOUCHPOINT,2026-05-19T12:00:00Z,SPONSORED_BRANDS,COMPONENT,TOP_OF_SEARCH,IMAGE,CLICK,,,,,,,
annual_05_04,TOUCHPOINT,2026-05-22T12:00:00Z,SPONSORED_BRANDS,VIDEO,TOP_OF_SEARCH,VIDEO,IMPRESSION,,,,,,,
annual_05_04,CONVERSION,2026-05-24T12:00:00Z,,,,,,US,adv_demo_001,43,23,32,2592.00,0
annual_05_05,TOUCHPOINT,2026-05-11T12:00:00Z,AMAZON_DSP,ONLINE_VIDEO,,VIDEO,IMPRESSION,,,,,,,
annual_05_05,TOUCHPOINT,2026-05-15T12:00:00Z,SPONSORED_BRANDS,DISPLAY,REST_OF_SEARCH,IMAGE,IMPRESSION,,,,,,,
annual_05_05,TOUCHPOINT,2026-05-18T12:00:00Z,SPONSORED_DISPLAY,DISPLAY,PRODUCT_PAGE,IMAGE,IMPRESSION,,,,,,,
annual_05_05,CONVERSION,2026-05-20T12:00:00Z,,,,,,US,adv_demo_001,45,24,27,2214.00,1
annual_05_06,TOUCHPOINT,2026-05-16T12:00:00Z,AMAZON_DSP,STREAMING_TV,,VIDEO,IMPRESSION,,,,,,,
annual_05_06,TOUCHPOINT,2026-05-19T12:00:00Z,SPONSORED_BRANDS,VIDEO,TOP_OF_SEARCH,VIDEO,IMPRESSION,,,,,,,
annual_05_06,CONVERSION,2026-05-21T12:00:00Z,,,,,,US,adv_demo_001,47,25,29,2407.00,2
annual_05_07,TOUCHPOINT,2026-05-17T12:00:00Z,SPONSORED_BRANDS,COMPONENT,TOP_OF_SEARCH,IMAGE,IMPRESSION,,,,,,,
annual_05_07,TOUCHPOINT,2026-05-20T12:00:00Z,SPONSORED_BRANDS,VIDEO,TOP_OF_SEARCH,VIDEO,CLICK,,,,,,,
annual_05_07,CONVERSION,2026-05-22T12:00:00Z,,,,,,US,adv_demo_001,49,26,31,2604.00,3
annual_05_08,TOUCHPOINT,2026-05-18T12:00:00Z,SPONSORED_BRANDS,COMPONENT,TOP_OF_SEARCH,IMAGE,CLICK,,,,,,,
annual_05_08,TOUCHPOINT,2026-05-21T12:00:00Z,SPONSORED_DISPLAY,DISPLAY,PRODUCT_PAGE,IMAGE,IMPRESSION,,,,,,,
annual_05_08,CONVERSION,2026-05-23T12:00:00Z,,,,,,US,adv_demo_001,51,27,33,2805.00,0
annual_05_09,TOUCHPOINT,2026-05-19T12:00:00Z,SPONSORED_BRANDS,DISPLAY,REST_OF_SEARCH,IMAGE,IMPRESSION,,,,,,,
annual_05_09,TOUCHPOINT,2026-05-22T12:00:00Z,SPONSORED_DISPLAY,DISPLAY,PRODUCT_PAGE,IMAGE,CLICK,,,,,,,
annual_05_09,CONVERSION,2026-05-24T12:00:00Z,,,,,,US,adv_demo_001,53,28,35,3010.00,1
annual_05_10,TOUCHPOINT,2026-05-15T12:00:00Z,SPONSORED_BRANDS,VIDEO,TOP_OF_SEARCH,VIDEO,IMPRESSION,,,,,,,
annual_05_10,TOUCHPOINT,2026-05-18T12:00:00Z,SPONSORED_DISPLAY,DISPLAY,PRODUCT_PAGE,VIDEO,IMPRESSION,,,,,,,
annual_05_10,CONVERSION,2026-05-20T12:00:00Z,,,,,,US,adv_demo_001,44,18,26,2262.00,2
annual_05_11,TOUCHPOINT,2026-05-16T12:00:00Z,SPONSORED_BRANDS,VIDEO,TOP_OF_SEARCH,VIDEO,CLICK,,,,,,,
annual_05_11,TOUCHPOINT,2026-05-19T12:00:00Z,SPONSORED_DISPLAY,VIDEO,PRODUCT_PAGE,VIDEO,CLICK,,,,,,,
annual_05_11,CONVERSION,2026-05-21T12:00:00Z,,,,,,US,adv_demo_001,46,19,28,2464.00,3
annual_06_00,TOUCHPOINT,2026-06-11T12:00:00Z,SPONSORED_DISPLAY,DISPLAY,PRODUCT_PAGE,IMAGE,IMPRESSION,,,,,,,
annual_06_00,TOUCHPOINT,2026-06-15T12:00:00Z,SPONSORED_PRODUCTS,PRODUCT_AD,PRODUCT_PAGE,,CLICK,,,,,,,
annual_06_00,TOUCHPOINT,2026-06-18T12:00:00Z,SPONSORED_BRANDS,DISPLAY,REST_OF_SEARCH,IMAGE,IMPRESSION,,,,,,,
annual_06_00,CONVERSION,2026-06-20T12:00:00Z,,,,,,US,adv_demo_001,51,28,32,2496.00,0
annual_06_00,CONVERSION,2026-06-20T13:00:00Z,,,,,,US,adv_demo_001,54,25,34,2652.00,3
annual_06_01,TOUCHPOINT,2026-06-12T12:00:00Z,SPONSORED_DISPLAY,DISPLAY,PRODUCT_PAGE,IMAGE,CLICK,,,,,,,
annual_06_01,TOUCHPOINT,2026-06-16T12:00:00Z,SPONSORED_PRODUCTS,PRODUCT_AD,REST_OF_SEARCH,,CLICK,,,,,,,
annual_06_01,TOUCHPOINT,2026-06-19T12:00:00Z,SPONSORED_BRANDS,VIDEO,TOP_OF_SEARCH,VIDEO,CLICK,,,,,,,
annual_06_01,CONVERSION,2026-06-21T12:00:00Z,,,,,,US,adv_demo_001,42,18,23,1817.00,1
annual_06_02,TOUCHPOINT,2026-06-13T12:00:00Z,SPONSORED_DISPLAY,DISPLAY,PRODUCT_PAGE,VIDEO,IMPRESSION,,,,,,,
annual_06_02,TOUCHPOINT,2026-06-17T12:00:00Z,SPONSORED_PRODUCTS,PRODUCT_AD,TOP_OF_SEARCH,,IMPRESSION,,,,,,,
annual_06_02,TOUCHPOINT,2026-06-20T12:00:00Z,SPONSORED_DISPLAY,DISPLAY,PRODUCT_PAGE,IMAGE,CLICK,,,,,,,
annual_06_02,CONVERSION,2026-06-22T12:00:00Z,,,,,,US,adv_demo_001,44,19,25,2000.00,2
annual_06_03,TOUCHPOINT,2026-06-14T12:00:00Z,SPONSORED_DISPLAY,VIDEO,PRODUCT_PAGE,VIDEO,CLICK,,,,,,,
annual_06_03,TOUCHPOINT,2026-06-18T12:00:00Z,SPONSORED_PRODUCTS,PRODUCT_AD,TOP_OF_SEARCH,,CLICK,,,,,,,
annual_06_03,TOUCHPOINT,2026-06-21T12:00:00Z,SPONSORED_PRODUCTS,PRODUCT_AD,PRODUCT_PAGE,,CLICK,,,,,,,
annual_06_03,CONVERSION,2026-06-23T12:00:00Z,,,,,,US,adv_demo_001,46,20,27,2187.00,3
annual_06_04,TOUCHPOINT,2026-06-15T12:00:00Z,SPONSORED_PRODUCTS,PRODUCT_AD,PRODUCT_PAGE,,CLICK,,,,,,,
annual_06_04,TOUCHPOINT,2026-06-19T12:00:00Z,AMAZON_DSP,AUDIO,,,IMPRESSION,,,,,,,
annual_06_04,TOUCHPOINT,2026-06-22T12:00:00Z,SPONSORED_PRODUCTS,PRODUCT_AD,REST_OF_SEARCH,,CLICK,,,,,,,
annual_06_04,CONVERSION,2026-06-24T12:00:00Z,,,,,,US,adv_demo_001,48,21,29,2378.00,0
annual_06_05,TOUCHPOINT,2026-06-11T12:00:00Z,SPONSORED_PRODUCTS,PRODUCT_AD,REST_OF_SEARCH,,CLICK,,,,,,,
annual_06_05,TOUCHPOINT,2026-06-15T12:00:00Z,AMAZON_DSP,DISPLAY,,IMAGE,IMPRESSION,,,,,,,
annual_06_05,TOUCHPOINT,2026-06-18T12:00:00Z,SPONSORED_PRODUCTS,PRODUCT_AD,TOP_OF_SEARCH,,CLICK,,,,,,,
annual_06_05,CONVERSION,2026-06-20T12:00:00Z,,,,,,US,adv_demo_001,50,22,31,2573.00,1
annual_06_06,TOUCHPOINT,2026-06-16T12:00:00Z,SPONSORED_PRODUCTS,PRODUCT_AD,TOP_OF_SEARCH,,IMPRESSION,,,,,,,
annual_06_06,TOUCHPOINT,2026-06-19T12:00:00Z,AMAZON_DSP,ONLINE_VIDEO,,VIDEO,IMPRESSION,,,,,,,
annual_06_06,CONVERSION,2026-06-21T12:00:00Z,,,,,,US,adv_demo_001,52,23,26,2184.00,2
annual_06_07,TOUCHPOINT,2026-06-17T12:00:00Z,SPONSORED_PRODUCTS,PRODUCT_AD,TOP_OF_SEARCH,,CLICK,,,,,,,
annual_06_07,TOUCHPOINT,2026-06-20T12:00:00Z,AMAZON_DSP,STREAMING_TV,,VIDEO,IMPRESSION,,,,,,,
annual_06_07,CONVERSION,2026-06-22T12:00:00Z,,,,,,US,adv_demo_001,54,24,28,2380.00,3
annual_06_08,TOUCHPOINT,2026-06-18T12:00:00Z,AMAZON_DSP,AUDIO,,,IMPRESSION,,,,,,,
annual_06_08,TOUCHPOINT,2026-06-21T12:00:00Z,SPONSORED_BRANDS,COMPONENT,TOP_OF_SEARCH,IMAGE,CLICK,,,,,,,
annual_06_08,CONVERSION,2026-06-23T12:00:00Z,,,,,,US,adv_demo_001,56,25,30,2580.00,0
annual_06_09,TOUCHPOINT,2026-06-19T12:00:00Z,AMAZON_DSP,DISPLAY,,IMAGE,IMPRESSION,,,,,,,
annual_06_09,TOUCHPOINT,2026-06-22T12:00:00Z,SPONSORED_BRANDS,DISPLAY,REST_OF_SEARCH,IMAGE,IMPRESSION,,,,,,,
annual_06_09,CONVERSION,2026-06-24T12:00:00Z,,,,,,US,adv_demo_001,58,26,32,2784.00,1
annual_06_10,TOUCHPOINT,2026-06-15T12:00:00Z,AMAZON_DSP,ONLINE_VIDEO,,VIDEO,IMPRESSION,,,,,,,
annual_06_10,TOUCHPOINT,2026-06-18T12:00:00Z,SPONSORED_BRANDS,VIDEO,TOP_OF_SEARCH,VIDEO,IMPRESSION,,,,,,,
annual_06_10,CONVERSION,2026-06-20T12:00:00Z,,,,,,US,adv_demo_001,47,27,34,2992.00,2
annual_06_11,TOUCHPOINT,2026-06-16T12:00:00Z,AMAZON_DSP,STREAMING_TV,,VIDEO,IMPRESSION,,,,,,,
annual_06_11,TOUCHPOINT,2026-06-19T12:00:00Z,SPONSORED_BRANDS,VIDEO,TOP_OF_SEARCH,VIDEO,CLICK,,,,,,,
annual_06_11,CONVERSION,2026-06-21T12:00:00Z,,,,,,US,adv_demo_001,49,28,36,3204.00,3
annual_07_00,TOUCHPOINT,2026-07-11T12:00:00Z,SPONSORED_BRANDS,COMPONENT,TOP_OF_SEARCH,IMAGE,IMPRESSION,,,,,,,
annual_07_00,TOUCHPOINT,2026-07-15T12:00:00Z,SPONSORED_DISPLAY,DISPLAY,PRODUCT_PAGE,IMAGE,IMPRESSION,,,,,,,
annual_07_00,TOUCHPOINT,2026-07-18T12:00:00Z,SPONSORED_PRODUCTS,PRODUCT_AD,REST_OF_SEARCH,,CLICK,,,,,,,
annual_07_00,CONVERSION,2026-07-20T12:00:00Z,,,,,,US,adv_demo_001,56,26,29,2291.00,0
annual_07_00,CONVERSION,2026-07-20T13:00:00Z,,,,,,US,adv_demo_001,46,23,31,2449.00,3
annual_07_01,TOUCHPOINT,2026-07-12T12:00:00Z,SPONSORED_BRANDS,COMPONENT,TOP_OF_SEARCH,IMAGE,CLICK,,,,,,,
annual_07_01,TOUCHPOINT,2026-07-16T12:00:00Z,SPONSORED_DISPLAY,DISPLAY,PRODUCT_PAGE,IMAGE,CLICK,,,,,,,
annual_07_01,TOUCHPOINT,2026-07-19T12:00:00Z,SPONSORED_PRODUCTS,PRODUCT_AD,TOP_OF_SEARCH,,CLICK,,,,,,,
annual_07_01,CONVERSION,2026-07-21T12:00:00Z,,,,,,US,adv_demo_001,58,27,31,2480.00,1
annual_07_02,TOUCHPOINT,2026-07-13T12:00:00Z,SPONSORED_BRANDS,DISPLAY,REST_OF_SEARCH,IMAGE,IMPRESSION,,,,,,,
annual_07_02,TOUCHPOINT,2026-07-17T12:00:00Z,SPONSORED_DISPLAY,DISPLAY,PRODUCT_PAGE,VIDEO,IMPRESSION,,,,,,,
annual_07_02,TOUCHPOINT,2026-07-20T12:00:00Z,AMAZON_DSP,DISPLAY,,IMAGE,IMPRESSION,,,,,,,
annual_07_02,CONVERSION,2026-07-22T12:00:00Z,,,,,,US,adv_demo_001,60,28,33,2673.00,2
annual_07_03,TOUCHPOINT,2026-07-14T12:00:00Z,SPONSORED_BRANDS,VIDEO,TOP_OF_SEARCH,VIDEO,IMPRESSION,,,,,,,
annual_07_03,TOUCHPOINT,2026-07-18T12:00:00Z,SPONSORED_DISPLAY,VIDEO,PRODUCT_PAGE,VIDEO,CLICK,,,,,,,
annual_07_03,TOUCHPOINT,2026-07-21T12:00:00Z,AMAZON_DSP,STREAMING_TV,,VIDEO,IMPRESSION,,,,,,,
annual_07_03,CONVERSION,2026-07-23T12:00:00Z,,,,,,US,adv_demo_001,38,18,24,1968.00,3
annual_07_04,TOUCHPOINT,2026-07-15T12:00:00Z,SPONSORED_BRANDS,VIDEO,TOP_OF_SEARCH,VIDEO,CLICK,,,,,,,
annual_07_04,TOUCHPOINT,2026-07-19T12:00:00Z,SPONSORED_PRODUCTS,PRODUCT_AD,PRODUCT_PAGE,,CLICK,,,,,,,
annual_07_04,TOUCHPOINT,2026-07-22T12:00:00Z,SPONSORED_BRANDS,COMPONENT,TOP_OF_SEARCH,IMAGE,CLICK,,,,,,,
annual_07_04,CONVERSION,2026-07-24T12:00:00Z,,,,,,US,adv_demo_001,40,19,26,2158.00,0
annual_07_05,TOUCHPOINT,2026-07-11T12:00:00Z,SPONSORED_DISPLAY,DISPLAY,PRODUCT_PAGE,IMAGE,IMPRESSION,,,,,,,
annual_07_05,TOUCHPOINT,2026-07-15T12:00:00Z,SPONSORED_PRODUCTS,PRODUCT_AD,REST_OF_SEARCH,,CLICK,,,,,,,
annual_07_05,TOUCHPOINT,2026-07-18T12:00:00Z,SPONSORED_BRANDS,VIDEO,TOP_OF_SEARCH,VIDEO,IMPRESSION,,,,,,,
annual_07_05,CONVERSION,2026-07-20T12:00:00Z,,,,,,US,adv_demo_001,42,20,28,2352.00,1
annual_07_06,TOUCHPOINT,2026-07-16T12:00:00Z,SPONSORED_DISPLAY,DISPLAY,PRODUCT_PAGE,IMAGE,CLICK,,,,,,,
annual_07_06,TOUCHPOINT,2026-07-19T12:00:00Z,SPONSORED_PRODUCTS,PRODUCT_AD,TOP_OF_SEARCH,,IMPRESSION,,,,,,,
annual_07_06,CONVERSION,2026-07-21T12:00:00Z,,,,,,US,adv_demo_001,44,21,30,2550.00,2
annual_07_07,TOUCHPOINT,2026-07-17T12:00:00Z,SPONSORED_DISPLAY,DISPLAY,PRODUCT_PAGE,VIDEO,IMPRESSION,,,,,,,
annual_07_07,TOUCHPOINT,2026-07-20T12:00:00Z,SPONSORED_PRODUCTS,PRODUCT_AD,TOP_OF_SEARCH,,CLICK,,,,,,,
annual_07_07,CONVERSION,2026-07-22T12:00:00Z,,,,,,US,adv_demo_001,46,22,25,2150.00,3
annual_07_08,TOUCHPOINT,2026-07-18T12:00:00Z,SPONSORED_DISPLAY,VIDEO,PRODUCT_PAGE,VIDEO,CLICK,,,,,,,
annual_07_08,TOUCHPOINT,2026-07-21T12:00:00Z,AMAZON_DSP,AUDIO,,,IMPRESSION,,,,,,,
annual_07_08,CONVERSION,2026-07-23T12:00:00Z,,,,,,US,adv_demo_001,48,23,27,2349.00,0
annual_07_09,TOUCHPOINT,2026-07-19T12:00:00Z,SPONSORED_PRODUCTS,PRODUCT_AD,PRODUCT_PAGE,,CLICK,,,,,,,
annual_07_09,TOUCHPOINT,2026-07-22T12:00:00Z,AMAZON_DSP,DISPLAY,,IMAGE,IMPRESSION,,,,,,,
annual_07_09,CONVERSION,2026-07-24T12:00:00Z,,,,,,US,adv_demo_001,50,24,29,2552.00,1
annual_07_10,TOUCHPOINT,2026-07-15T12:00:00Z,SPONSORED_PRODUCTS,PRODUCT_AD,REST_OF_SEARCH,,CLICK,,,,,,,
annual_07_10,TOUCHPOINT,2026-07-18T12:00:00Z,AMAZON_DSP,ONLINE_VIDEO,,VIDEO,IMPRESSION,,,,,,,
annual_07_10,CONVERSION,2026-07-20T12:00:00Z,,,,,,US,adv_demo_001,52,25,31,2759.00,2
annual_07_11,TOUCHPOINT,2026-07-16T12:00:00Z,SPONSORED_PRODUCTS,PRODUCT_AD,TOP_OF_SEARCH,,IMPRESSION,,,,,,,
annual_07_11,TOUCHPOINT,2026-07-19T12:00:00Z,AMAZON_DSP,STREAMING_TV,,VIDEO,IMPRESSION,,,,,,,
annual_07_11,CONVERSION,2026-07-21T12:00:00Z,,,,,,US,adv_demo_001,54,26,33,2970.00,3
annual_08_00,TOUCHPOINT,2026-08-11T12:00:00Z,SPONSORED_PRODUCTS,PRODUCT_AD,TOP_OF_SEARCH,,CLICK,,,,,,,
annual_08_00,TOUCHPOINT,2026-08-15T12:00:00Z,SPONSORED_BRANDS,COMPONENT,TOP_OF_SEARCH,IMAGE,IMPRESSION,,,,,,,
annual_08_00,TOUCHPOINT,2026-08-18T12:00:00Z,SPONSORED_BRANDS,COMPONENT,TOP_OF_SEARCH,IMAGE,CLICK,,,,,,,
annual_08_00,CONVERSION,2026-08-20T12:00:00Z,,,,,,US,adv_demo_001,48,24,33,2640.00,0
annual_08_00,CONVERSION,2026-08-20T13:00:00Z,,,,,,US,adv_demo_001,51,21,28,2240.00,3
annual_08_01,TOUCHPOINT,2026-08-12T12:00:00Z,AMAZON_DSP,AUDIO,,,IMPRESSION,,,,,,,
annual_08_01,TOUCHPOINT,2026-08-16T12:00:00Z,SPONSORED_BRANDS,DISPLAY,REST_OF_SEARCH,IMAGE,IMPRESSION,,,,,,,
annual_08_01,TOUCHPOINT,2026-08-19T12:00:00Z,SPONSORED_BRANDS,VIDEO,TOP_OF_SEARCH,VIDEO,IMPRESSION,,,,,,,
annual_08_01,CONVERSION,2026-08-21T12:00:00Z,,,,,,US,adv_demo_001,50,25,28,2268.00,1
annual_08_02,TOUCHPOINT,2026-08-13T12:00:00Z,AMAZON_DSP,DISPLAY,,IMAGE,IMPRESSION,,,,,,,
annual_08_02,TOUCHPOINT,2026-08-17T12:00:00Z,SPONSORED_BRANDS,VIDEO,TOP_OF_SEARCH,VIDEO,IMPRESSION,,,,,,,
annual_08_02,TOUCHPOINT,2026-08-20T12:00:00Z,SPONSORED_DISPLAY,DISPLAY,PRODUCT_PAGE,IMAGE,IMPRESSION,,,,,,,
annual_08_02,CONVERSION,2026-08-22T12:00:00Z,,,,,,US,adv_demo_001,52,26,30,2460.00,2
annual_08_03,TOUCHPOINT,2026-08-14T12:00:00Z,AMAZON_DSP,ONLINE_VIDEO,,VIDEO,IMPRESSION,,,,,,,
annual_08_03,TOUCHPOINT,2026-08-18T12:00:00Z,SPONSORED_BRANDS,VIDEO,TOP_OF_SEARCH,VIDEO,CLICK,,,,,,,
annual_08_03,TOUCHPOINT,2026-08-21T12:00:00Z,SPONSORED_DISPLAY,DISPLAY,PRODUCT_PAGE,VIDEO,IMPRESSION,,,,,,,
annual_08_03,CONVERSION,2026-08-23T12:00:00Z,,,,,,US,adv_demo_001,54,27,32,2656.00,3
annual_08_04,TOUCHPOINT,2026-08-15T12:00:00Z,AMAZON_DSP,STREAMING_TV,,VIDEO,IMPRESSION,,,,,,,
annual_08_04,TOUCHPOINT,2026-08-19T12:00:00Z,SPONSORED_DISPLAY,DISPLAY,PRODUCT_PAGE,IMAGE,IMPRESSION,,,,,,,
annual_08_04,TOUCHPOINT,2026-08-22T12:00:00Z,SPONSORED_PRODUCTS,PRODUCT_AD,PRODUCT_PAGE,,CLICK,,,,,,,
annual_08_04,CONVERSION,2026-08-24T12:00:00Z,,,,,,US,adv_demo_001,56,28,34,2856.00,0
annual_08_05,TOUCHPOINT,2026-08-11T12:00:00Z,SPONSORED_BRANDS,COMPONENT,TOP_OF_SEARCH,IMAGE,IMPRESSION,,,,,,,
annual_08_05,TOUCHPOINT,2026-08-15T12:00:00Z,SPONSORED_DISPLAY,DISPLAY,PRODUCT_PAGE,IMAGE,CLICK,,,,,,,
annual_08_05,TOUCHPOINT,2026-08-18T12:00:00Z,SPONSORED_PRODUCTS,PRODUCT_AD,TOP_OF_SEARCH,,IMPRESSION,,,,,,,
annual_08_05,CONVERSION,2026-08-20T12:00:00Z,,,,,,US,adv_demo_001,47,18,25,2125.00,1
annual_08_06,TOUCHPOINT,2026-08-16T12:00:00Z,SPONSORED_BRANDS,COMPONENT,TOP_OF_SEARCH,IMAGE,CLICK,,,,,,,
annual_08_06,TOUCHPOINT,2026-08-19T12:00:00Z,SPONSORED_DISPLAY,DISPLAY,PRODUCT_PAGE,VIDEO,IMPRESSION,,,,,,,
annual_08_06,CONVERSION,2026-08-21T12:00:00Z,,,,,,US,adv_demo_001,49,19,27,2322.00,2
annual_08_07,TOUCHPOINT,2026-08-17T12:00:00Z,SPONSORED_BRANDS,DISPLAY,REST_OF_SEARCH,IMAGE,IMPRESSION,,,,,,,
annual_08_07,TOUCHPOINT,2026-08-20T12:00:00Z,SPONSORED_DISPLAY,VIDEO,PRODUCT_PAGE,VIDEO,CLICK,,,,,,,
annual_08_07,CONVERSION,2026-08-22T12:00:00Z,,,,,,US,adv_demo_001,51,20,29,2523.00,3
annual_08_08,TOUCHPOINT,2026-08-18T12:00:00Z,SPONSORED_BRANDS,VIDEO,TOP_OF_SEARCH,VIDEO,IMPRESSION,,,,,,,
annual_08_08,TOUCHPOINT,2026-08-21T12:00:00Z,SPONSORED_PRODUCTS,PRODUCT_AD,PRODUCT_PAGE,,CLICK,,,,,,,
annual_08_08,CONVERSION,2026-08-23T12:00:00Z,,,,,,US,adv_demo_001,53,21,24,2112.00,0
annual_08_09,TOUCHPOINT,2026-08-19T12:00:00Z,SPONSORED_BRANDS,VIDEO,TOP_OF_SEARCH,VIDEO,CLICK,,,,,,,
annual_08_09,TOUCHPOINT,2026-08-22T12:00:00Z,SPONSORED_PRODUCTS,PRODUCT_AD,REST_OF_SEARCH,,CLICK,,,,,,,
annual_08_09,CONVERSION,2026-08-24T12:00:00Z,,,,,,US,adv_demo_001,42,22,26,2314.00,1
annual_08_10,TOUCHPOINT,2026-08-15T12:00:00Z,SPONSORED_DISPLAY,DISPLAY,PRODUCT_PAGE,IMAGE,IMPRESSION,,,,,,,
annual_08_10,TOUCHPOINT,2026-08-18T12:00:00Z,SPONSORED_PRODUCTS,PRODUCT_AD,TOP_OF_SEARCH,,IMPRESSION,,,,,,,
annual_08_10,CONVERSION,2026-08-20T12:00:00Z,,,,,,US,adv_demo_001,44,23,28,2520.00,2
annual_08_11,TOUCHPOINT,2026-08-16T12:00:00Z,SPONSORED_DISPLAY,DISPLAY,PRODUCT_PAGE,IMAGE,CLICK,,,,,,,
annual_08_11,TOUCHPOINT,2026-08-19T12:00:00Z,SPONSORED_PRODUCTS,PRODUCT_AD,TOP_OF_SEARCH,,CLICK,,,,,,,
annual_08_11,CONVERSION,2026-08-21T12:00:00Z,,,,,,US,adv_demo_001,46,24,30,2160.00,3
annual_09_00,TOUCHPOINT,2026-09-11T12:00:00Z,SPONSORED_DISPLAY,DISPLAY,PRODUCT_PAGE,VIDEO,IMPRESSION,,,,,,,
annual_09_00,TOUCHPOINT,2026-09-15T12:00:00Z,AMAZON_DSP,AUDIO,,,IMPRESSION,,,,,,,
annual_09_00,TOUCHPOINT,2026-09-18T12:00:00Z,SPONSORED_DISPLAY,VIDEO,PRODUCT_PAGE,VIDEO,CLICK,,,,,,,
annual_09_00,CONVERSION,2026-09-20T12:00:00Z,,,,,,US,adv_demo_001,53,22,30,2430.00,0
annual_09_00,CONVERSION,2026-09-20T13:00:00Z,,,,,,US,adv_demo_001,43,19,25,2025.00,3
annual_09_01,TOUCHPOINT,2026-09-12T12:00:00Z,SPONSORED_DISPLAY,VIDEO,PRODUCT_PAGE,VIDEO,CLICK,,,,,,,
annual_09_01,TOUCHPOINT,2026-09-16T12:00:00Z,AMAZON_DSP,DISPLAY,,IMAGE,IMPRESSION,,,,,,,
annual_09_01,TOUCHPOINT,2026-09-19T12:00:00Z,SPONSORED_PRODUCTS,PRODUCT_AD,REST_OF_SEARCH,,CLICK,,,,,,,
annual_09_01,CONVERSION,2026-09-21T12:00:00Z,,,,,,US,adv_demo_001,55,23,32,2624.00,1
annual_09_02,TOUCHPOINT,2026-09-13T12:00:00Z,SPONSORED_PRODUCTS,PRODUCT_AD,PRODUCT_PAGE,,CLICK,,,,,,,
annual_09_02,TOUCHPOINT,2026-09-17T12:00:00Z,AMAZON_DSP,ONLINE_VIDEO,,VIDEO,IMPRESSION,,,,,,,
annual_09_02,TOUCHPOINT,2026-09-20T12:00:00Z,SPONSORED_PRODUCTS,PRODUCT_AD,TOP_OF_SEARCH,,CLICK,,,,,,,
annual_09_02,CONVERSION,2026-09-22T12:00:00Z,,,,,,US,adv_demo_001,44,24,27,2241.00,2
annual_09_03,TOUCHPOINT,2026-09-14T12:00:00Z,SPONSORED_PRODUCTS,PRODUCT_AD,REST_OF_SEARCH,,CLICK,,,,,,,
annual_09_03,TOUCHPOINT,2026-09-18T12:00:00Z,AMAZON_DSP,STREAMING_TV,,VIDEO,IMPRESSION,,,,,,,
annual_09_03,TOUCHPOINT,2026-09-21T12:00:00Z,AMAZON_DSP,DISPLAY,,IMAGE,IMPRESSION,,,,,,,
annual_09_03,CONVERSION,2026-09-23T12:00:00Z,,,,,,US,adv_demo_001,46,25,29,2436.00,3
annual_09_04,TOUCHPOINT,2026-09-15T12:00:00Z,SPONSORED_PRODUCTS,PRODUCT_AD,TOP_OF_SEARCH,,IMPRESSION,,,,,,,
annual_09_04,TOUCHPOINT,2026-09-19T12:00:00Z,SPONSORED_BRANDS,COMPONENT,TOP_OF_SEARCH,IMAGE,IMPRESSION,,,,,,,
annual_09_04,TOUCHPOINT,2026-09-22T12:00:00Z,AMAZON_DSP,STREAMING_TV,,VIDEO,IMPRESSION,,,,,,,
annual_09_04,CONVERSION,2026-09-24T12:00:00Z,,,,,,US,adv_demo_001,48,26,31,2635.00,0
annual_09_05,TOUCHPOINT,2026-09-11T12:00:00Z,SPONSORED_PRODUCTS,PRODUCT_AD,TOP_OF_SEARCH,,CLICK,,,,,,,
annual_09_05,TOUCHPOINT,2026-09-15T12:00:00Z,SPONSORED_BRANDS,COMPONENT,TOP_OF_SEARCH,IMAGE,CLICK,,,,,,,
annual_09_05,TOUCHPOINT,2026-09-18T12:00:00Z,SPONSORED_BRANDS,DISPLAY,REST_OF_SEARCH,IMAGE,IMPRESSION,,,,,,,
annual_09_05,CONVERSION,2026-09-20T12:00:00Z,,,,,,US,adv_demo_001,50,27,33,2838.00,1
annual_09_06,TOUCHPOINT,2026-09-16T12:00:00Z,AMAZON_DSP,AUDIO,,,IMPRESSION,,,,,,,
annual_09_06,TOUCHPOINT,2026-09-19T12:00:00Z,SPONSORED_BRANDS,VIDEO,TOP_OF_SEARCH,VIDEO,IMPRESSION,,,,,,,
annual_09_06,CONVERSION,2026-09-21T12:00:00Z,,,,,,US,adv_demo_001,52,28,35,3045.00,2
annual_09_07,TOUCHPOINT,2026-09-17T12:00:00Z,AMAZON_DSP,DISPLAY,,IMAGE,IMPRESSION,,,,,,,
annual_09_07,TOUCHPOINT,2026-09-20T12:00:00Z,SPONSORED_BRANDS,VIDEO,TOP_OF_SEARCH,VIDEO,CLICK,,,,,,,
annual_09_07,CONVERSION,2026-09-22T12:00:00Z,,,,,,US,adv_demo_001,43,18,26,2288.00,3
annual_09_08,TOUCHPOINT,2026-09-18T12:00:00Z,AMAZON_DSP,ONLINE_VIDEO,,VIDEO,IMPRESSION,,,,,,,
annual_09_08,TOUCHPOINT,2026-09-21T12:00:00Z,SPONSORED_DISPLAY,DISPLAY,PRODUCT_PAGE,IMAGE,IMPRESSION,,,,,,,
annual_09_08,CONVERSION,2026-09-23T12:00:00Z,,,,,,US,adv_demo_001,45,19,28,2492.00,0
annual_09_09,TOUCHPOINT,2026-09-19T12:00:00Z,AMAZON_DSP,STREAMING_TV,,VIDEO,IMPRESSION,,,,,,,
annual_09_09,TOUCHPOINT,2026-09-22T12:00:00Z,SPONSORED_DISPLAY,DISPLAY,PRODUCT_PAGE,IMAGE,CLICK,,,,,,,
annual_09_09,CONVERSION,2026-09-24T12:00:00Z,,,,,,US,adv_demo_001,47,20,23,2070.00,1
annual_09_10,TOUCHPOINT,2026-09-15T12:00:00Z,SPONSORED_BRANDS,COMPONENT,TOP_OF_SEARCH,IMAGE,IMPRESSION,,,,,,,
annual_09_10,TOUCHPOINT,2026-09-18T12:00:00Z,SPONSORED_DISPLAY,DISPLAY,PRODUCT_PAGE,VIDEO,IMPRESSION,,,,,,,
annual_09_10,CONVERSION,2026-09-20T12:00:00Z,,,,,,US,adv_demo_001,49,21,25,1800.00,2
annual_09_11,TOUCHPOINT,2026-09-16T12:00:00Z,SPONSORED_BRANDS,COMPONENT,TOP_OF_SEARCH,IMAGE,CLICK,,,,,,,
annual_09_11,TOUCHPOINT,2026-09-19T12:00:00Z,SPONSORED_DISPLAY,VIDEO,PRODUCT_PAGE,VIDEO,CLICK,,,,,,,
annual_09_11,CONVERSION,2026-09-21T12:00:00Z,,,,,,US,adv_demo_001,51,22,27,1971.00,3
annual_10_00,TOUCHPOINT,2026-10-11T12:00:00Z,SPONSORED_BRANDS,DISPLAY,REST_OF_SEARCH,IMAGE,IMPRESSION,,,,,,,
annual_10_00,TOUCHPOINT,2026-10-15T12:00:00Z,SPONSORED_PRODUCTS,PRODUCT_AD,PRODUCT_PAGE,,CLICK,,,,,,,
annual_10_00,TOUCHPOINT,2026-10-18T12:00:00Z,AMAZON_DSP,STREAMING_TV,,VIDEO,IMPRESSION,,,,,,,
annual_10_00,CONVERSION,2026-10-20T12:00:00Z,,,,,,US,adv_demo_001,45,20,27,2214.00,0
annual_10_00,CONVERSION,2026-10-20T13:00:00Z,,,,,,US,adv_demo_001,59,28,33,2706.00,3
annual_10_01,TOUCHPOINT,2026-10-12T12:00:00Z,SPONSORED_BRANDS,VIDEO,TOP_OF_SEARCH,VIDEO,IMPRESSION,,,,,,,
annual_10_01,TOUCHPOINT,2026-10-16T12:00:00Z,SPONSORED_PRODUCTS,PRODUCT_AD,REST_OF_SEARCH,,CLICK,,,,,,,
annual_10_01,TOUCHPOINT,2026-10-19T12:00:00Z,SPONSORED_BRANDS,COMPONENT,TOP_OF_SEARCH,IMAGE,CLICK,,,,,,,
annual_10_01,CONVERSION,2026-10-21T12:00:00Z,,,,,,US,adv_demo_001,47,21,29,2407.00,1
annual_10_02,TOUCHPOINT,2026-10-13T12:00:00Z,SPONSORED_BRANDS,VIDEO,TOP_OF_SEARCH,VIDEO,CLICK,,,,,,,
annual_10_02,TOUCHPOINT,2026-10-17T12:00:00Z,SPONSORED_PRODUCTS,PRODUCT_AD,TOP_OF_SEARCH,,IMPRESSION,,,,,,,
annual_10_02,TOUCHPOINT,2026-10-20T12:00:00Z,SPONSORED_BRANDS,VIDEO,TOP_OF_SEARCH,VIDEO,IMPRESSION,,,,,,,
annual_10_02,CONVERSION,2026-10-22T12:00:00Z,,,,,,US,adv_demo_001,49,22,31,2604.00,2
annual_10_03,TOUCHPOINT,2026-10-14T12:00:00Z,SPONSORED_DISPLAY,DISPLAY,PRODUCT_PAGE,IMAGE,IMPRESSION,,,,,,,
annual_10_03,TOUCHPOINT,2026-10-18T12:00:00Z,SPONSORED_PRODUCTS,PRODUCT_AD,TOP_OF_SEARCH,,CLICK,,,,,,,
annual_10_03,TOUCHPOINT,2026-10-21T12:00:00Z,SPONSORED_DISPLAY,DISPLAY,PRODUCT_PAGE,IMAGE,CLICK,,,,,,,
annual_10_03,CONVERSION,2026-10-23T12:00:00Z,,,,,,US,adv_demo_001,51,23,26,2210.00,3
annual_10_04,TOUCHPOINT,2026-10-15T12:00:00Z,SPONSORED_DISPLAY,DISPLAY,PRODUCT_PAGE,IMAGE,CLICK,,,,,,,
annual_10_04,TOUCHPOINT,2026-10-19T12:00:00Z,AMAZON_DSP,AUDIO,,,IMPRESSION,,,,,,,
annual_10_04,TOUCHPOINT,2026-10-22T12:00:00Z,SPONSORED_DISPLAY,DISPLAY,PRODUCT_PAGE,VIDEO,IMPRESSION,,,,,,,
annual_10_04,CONVERSION,2026-10-24T12:00:00Z,,,,,,US,adv_demo_001,53,24,28,2408.00,0
annual_10_05,TOUCHPOINT,2026-10-11T12:00:00Z,SPONSORED_DISPLAY,DISPLAY,PRODUCT_PAGE,VIDEO,IMPRESSION,,,,,,,
annual_10_05,TOUCHPOINT,2026-10-15T12:00:00Z,AMAZON_DSP,DISPLAY,,IMAGE,IMPRESSION,,,,,,,
annual_10_05,TOUCHPOINT,2026-10-18T12:00:00Z,SPONSORED_PRODUCTS,PRODUCT_AD,PRODUCT_PAGE,,CLICK,,,,,,,
annual_10_05,CONVERSION,2026-10-20T12:00:00Z,,,,,,US,adv_demo_001,55,25,30,2610.00,1
annual_10_06,TOUCHPOINT,2026-10-16T12:00:00Z,SPONSORED_DISPLAY,VIDEO,PRODUCT_PAGE,VIDEO,CLICK,,,,,,,
annual_10_06,TOUCHPOINT,2026-10-19T12:00:00Z,AMAZON_DSP,ONLINE_VIDEO,,VIDEO,IMPRESSION,,,,,,,
annual_10_06,CONVERSION,2026-10-21T12:00:00Z,,,,,,US,adv_demo_001,57,26,32,2816.00,2
annual_10_07,TOUCHPOINT,2026-10-17T12:00:00Z,SPONSORED_PRODUCTS,PRODUCT_AD,PRODUCT_PAGE,,CLICK,,,,,,,
annual_10_07,TOUCHPOINT,2026-10-20T12:00:00Z,AMAZON_DSP,STREAMING_TV,,VIDEO,IMPRESSION,,,,,,,
annual_10_07,CONVERSION,2026-10-22T12:00:00Z,,,,,,US,adv_demo_001,59,27,34,3026.00,3
annual_10_08,TOUCHPOINT,2026-10-18T12:00:00Z,SPONSORED_PRODUCTS,PRODUCT_AD,REST_OF_SEARCH,,CLICK,,,,,,,
annual_10_08,TOUCHPOINT,2026-10-21T12:00:00Z,SPONSORED_BRANDS,COMPONENT,TOP_OF_SEARCH,IMAGE,IMPRESSION,,,,,,,
annual_10_08,CONVERSION,2026-10-23T12:00:00Z,,,,,,US,adv_demo_001,48,28,36,3240.00,0
annual_10_09,TOUCHPOINT,2026-10-19T12:00:00Z,SPONSORED_PRODUCTS,PRODUCT_AD,TOP_OF_SEARCH,,IMPRESSION,,,,,,,
annual_10_09,TOUCHPOINT,2026-10-22T12:00:00Z,SPONSORED_BRANDS,COMPONENT,TOP_OF_SEARCH,IMAGE,CLICK,,,,,,,
annual_10_09,CONVERSION,2026-10-24T12:00:00Z,,,,,,US,adv_demo_001,39,18,27,1944.00,1
annual_10_10,TOUCHPOINT,2026-10-15T12:00:00Z,SPONSORED_PRODUCTS,PRODUCT_AD,TOP_OF_SEARCH,,CLICK,,,,,,,
annual_10_10,TOUCHPOINT,2026-10-18T12:00:00Z,SPONSORED_BRANDS,DISPLAY,REST_OF_SEARCH,IMAGE,IMPRESSION,,,,,,,
annual_10_10,CONVERSION,2026-10-20T12:00:00Z,,,,,,US,adv_demo_001,41,19,22,1606.00,2
annual_10_11,TOUCHPOINT,2026-10-16T12:00:00Z,AMAZON_DSP,AUDIO,,,IMPRESSION,,,,,,,
annual_10_11,TOUCHPOINT,2026-10-19T12:00:00Z,SPONSORED_BRANDS,VIDEO,TOP_OF_SEARCH,VIDEO,CLICK,,,,,,,
annual_10_11,CONVERSION,2026-10-21T12:00:00Z,,,,,,US,adv_demo_001,43,20,24,1776.00,3
annual_11_00,TOUCHPOINT,2026-11-11T12:00:00Z,AMAZON_DSP,DISPLAY,,IMAGE,IMPRESSION,,,,,,,
annual_11_00,TOUCHPOINT,2026-11-15T12:00:00Z,SPONSORED_DISPLAY,DISPLAY,PRODUCT_PAGE,IMAGE,IMPRESSION,,,,,,,
annual_11_00,TOUCHPOINT,2026-11-18T12:00:00Z,SPONSORED_DISPLAY,DISPLAY,PRODUCT_PAGE,VIDEO,IMPRESSION,,,,,,,
annual_11_00,CONVERSION,2026-11-20T12:00:00Z,,,,,,US,adv_demo_001,50,18,24,1992.00,0
annual_11_00,CONVERSION,2026-11-20T13:00:00Z,,,,,,US,adv_demo_001,51,26,30,2490.00,3
annual_11_01,TOUCHPOINT,2026-11-12T12:00:00Z,AMAZON_DSP,ONLINE_VIDEO,,VIDEO,IMPRESSION,,,,,,,
annual_11_01,TOUCHPOINT,2026-11-16T12:00:00Z,SPONSORED_DISPLAY,DISPLAY,PRODUCT_PAGE,IMAGE,CLICK,,,,,,,
annual_11_01,TOUCHPOINT,2026-11-19T12:00:00Z,SPONSORED_PRODUCTS,PRODUCT_AD,PRODUCT_PAGE,,CLICK,,,,,,,
annual_11_01,CONVERSION,2026-11-21T12:00:00Z,,,,,,US,adv_demo_001,39,19,26,2184.00,1
annual_11_02,TOUCHPOINT,2026-11-13T12:00:00Z,AMAZON_DSP,STREAMING_TV,,VIDEO,IMPRESSION,,,,,,,
annual_11_02,TOUCHPOINT,2026-11-17T12:00:00Z,SPONSORED_DISPLAY,DISPLAY,PRODUCT_PAGE,VIDEO,IMPRESSION,,,,,,,
annual_11_02,TOUCHPOINT,2026-11-20T12:00:00Z,SPONSORED_PRODUCTS,PRODUCT_AD,TOP_OF_SEARCH,,IMPRESSION,,,,,,,
annual_11_02,CONVERSION,2026-11-22T12:00:00Z,,,,,,US,adv_demo_001,41,20,28,2380.00,2
annual_11_03,TOUCHPOINT,2026-11-14T12:00:00Z,SPONSORED_BRANDS,COMPONENT,TOP_OF_SEARCH,IMAGE,IMPRESSION,,,,,,,
annual_11_03,TOUCHPOINT,2026-11-18T12:00:00Z,SPONSORED_DISPLAY,VIDEO,PRODUCT_PAGE,VIDEO,CLICK,,,,,,,
annual_11_03,TOUCHPOINT,2026-11-21T12:00:00Z,AMAZON_DSP,AUDIO,,,IMPRESSION,,,,,,,
annual_11_03,CONVERSION,2026-11-23T12:00:00Z,,,,,,US,adv_demo_001,43,21,30,2580.00,3
annual_11_04,TOUCHPOINT,2026-11-15T12:00:00Z,SPONSORED_BRANDS,COMPONENT,TOP_OF_SEARCH,IMAGE,CLICK,,,,,,,
annual_11_04,TOUCHPOINT,2026-11-19T12:00:00Z,SPONSORED_PRODUCTS,PRODUCT_AD,PRODUCT_PAGE,,CLICK,,,,,,,
annual_11_04,TOUCHPOINT,2026-11-22T12:00:00Z,AMAZON_DSP,ONLINE_VIDEO,,VIDEO,IMPRESSION,,,,,,,
annual_11_04,CONVERSION,2026-11-24T12:00:00Z,,,,,,US,adv_demo_001,45,22,25,2175.00,0
annual_11_05,TOUCHPOINT,2026-11-11T12:00:00Z,SPONSORED_BRANDS,DISPLAY,REST_OF_SEARCH,IMAGE,IMPRESSION,,,,,,,
annual_11_05,TOUCHPOINT,2026-11-15T12:00:00Z,SPONSORED_PRODUCTS,PRODUCT_AD,REST_OF_SEARCH,,CLICK,,,,,,,
annual_11_05,TOUCHPOINT,2026-11-18T12:00:00Z,SPONSORED_BRANDS,COMPONENT,TOP_OF_SEARCH,IMAGE,IMPRESSION,,,,,,,
annual_11_05,CONVERSION,2026-11-20T12:00:00Z,,,,,,US,adv_demo_001,47,23,27,2376.00,1
annual_11_06,TOUCHPOINT,2026-11-16T12:00:00Z,SPONSORED_BRANDS,VIDEO,TOP_OF_SEARCH,VIDEO,IMPRESSION,,,,,,,
annual_11_06,TOUCHPOINT,2026-11-19T12:00:00Z,SPONSORED_PRODUCTS,PRODUCT_AD,TOP_OF_SEARCH,,IMPRESSION,,,,,,,
annual_11_06,CONVERSION,2026-11-21T12:00:00Z,,,,,,US,adv_demo_001,49,24,29,2581.00,2
annual_11_07,TOUCHPOINT,2026-11-17T12:00:00Z,SPONSORED_BRANDS,VIDEO,TOP_OF_SEARCH,VIDEO,CLICK,,,,,,,
annual_11_07,TOUCHPOINT,2026-11-20T12:00:00Z,SPONSORED_PRODUCTS,PRODUCT_AD,TOP_OF_SEARCH,,CLICK,,,,,,,
annual_11_07,CONVERSION,2026-11-22T12:00:00Z,,,,,,US,adv_demo_001,51,25,31,2790.00,3
annual_11_08,TOUCHPOINT,2026-11-18T12:00:00Z,SPONSORED_DISPLAY,DISPLAY,PRODUCT_PAGE,IMAGE,IMPRESSION,,,,,,,
annual_11_08,TOUCHPOINT,2026-11-21T12:00:00Z,AMAZON_DSP,AUDIO,,,IMPRESSION,,,,,,,
annual_11_08,CONVERSION,2026-11-23T12:00:00Z,,,,,,US,adv_demo_001,53,26,33,2376.00,0
annual_11_09,TOUCHPOINT,2026-11-19T12:00:00Z,SPONSORED_DISPLAY,DISPLAY,PRODUCT_PAGE,IMAGE,CLICK,,,,,,,
annual_11_09,TOUCHPOINT,2026-11-22T12:00:00Z,AMAZON_DSP,DISPLAY,,IMAGE,IMPRESSION,,,,,,,
annual_11_09,CONVERSION,2026-11-24T12:00:00Z,,,,,,US,adv_demo_001,55,27,35,2555.00,1
annual_11_10,TOUCHPOINT,2026-11-15T12:00:00Z,SPONSORED_DISPLAY,DISPLAY,PRODUCT_PAGE,VIDEO,IMPRESSION,,,,,,,
annual_11_10,TOUCHPOINT,2026-11-18T12:00:00Z,AMAZON_DSP,ONLINE_VIDEO,,VIDEO,IMPRESSION,,,,,,,
annual_11_10,CONVERSION,2026-11-20T12:00:00Z,,,,,,US,adv_demo_001,57,28,37,2738.00,2
annual_11_11,TOUCHPOINT,2026-11-16T12:00:00Z,SPONSORED_DISPLAY,VIDEO,PRODUCT_PAGE,VIDEO,CLICK,,,,,,,
annual_11_11,TOUCHPOINT,2026-11-19T12:00:00Z,AMAZON_DSP,STREAMING_TV,,VIDEO,IMPRESSION,,,,,,,
annual_11_11,CONVERSION,2026-11-21T12:00:00Z,,,,,,US,adv_demo_001,48,18,21,1575.00,3
annual_12_00,TOUCHPOINT,2026-12-11T12:00:00Z,SPONSORED_PRODUCTS,PRODUCT_AD,PRODUCT_PAGE,,CLICK,,,,,,,
annual_12_00,TOUCHPOINT,2026-12-15T12:00:00Z,SPONSORED_BRANDS,COMPONENT,TOP_OF_SEARCH,IMAGE,IMPRESSION,,,,,,,
annual_12_00,TOUCHPOINT,2026-12-18T12:00:00Z,AMAZON_DSP,DISPLAY,,IMAGE,IMPRESSION,,,,,,,
annual_12_00,CONVERSION,2026-12-20T12:00:00Z,,,,,,US,adv_demo_001,53,27,32,2688.00,0
annual_12_00,CONVERSION,2026-12-20T13:00:00Z,,,,,,US,adv_demo_001,56,24,27,2268.00,3
annual_12_01,TOUCHPOINT,2026-12-12T12:00:00Z,SPONSORED_PRODUCTS,PRODUCT_AD,REST_OF_SEARCH,,CLICK,,,,,,,
annual_12_01,TOUCHPOINT,2026-12-16T12:00:00Z,SPONSORED_BRANDS,COMPONENT,TOP_OF_SEARCH,IMAGE,CLICK,,,,,,,
annual_12_01,TOUCHPOINT,2026-12-19T12:00:00Z,AMAZON_DSP,STREAMING_TV,,VIDEO,IMPRESSION,,,,,,,
annual_12_01,CONVERSION,2026-12-21T12:00:00Z,,,,,,US,adv_demo_001,55,28,34,2890.00,1
annual_12_02,TOUCHPOINT,2026-12-13T12:00:00Z,SPONSORED_PRODUCTS,PRODUCT_AD,TOP_OF_SEARCH,,IMPRESSION,,,,,,,
annual_12_02,TOUCHPOINT,2026-12-17T12:00:00Z,SPONSORED_BRANDS,DISPLAY,REST_OF_SEARCH,IMAGE,IMPRESSION,,,,,,,
annual_12_02,TOUCHPOINT,2026-12-20T12:00:00Z,SPONSORED_BRANDS,COMPONENT,TOP_OF_SEARCH,IMAGE,CLICK,,,,,,,
annual_12_02,CONVERSION,2026-12-22T12:00:00Z,,,,,,US,adv_demo_001,46,18,25,2150.00,2
annual_12_03,TOUCHPOINT,2026-12-14T12:00:00Z,SPONSORED_PRODUCTS,PRODUCT_AD,TOP_OF_SEARCH,,CLICK,,,,,,,
annual_12_03,TOUCHPOINT,2026-12-18T12:00:00Z,SPONSORED_BRANDS,VIDEO,TOP_OF_SEARCH,VIDEO,IMPRESSION,,,,,,,
annual_12_03,TOUCHPOINT,2026-12-21T12:00:00Z,SPONSORED_BRANDS,VIDEO,TOP_OF_SEARCH,VIDEO,CLICK,,,,,,,
annual_12_03,CONVERSION,2026-12-23T12:00:00Z,,,,,,US,adv_demo_001,48,19,27,2349.00,3
annual_12_04,TOUCHPOINT,2026-12-15T12:00:00Z,AMAZON_DSP,AUDIO,,,IMPRESSION,,,,,,,
annual_12_04,TOUCHPOINT,2026-12-19T12:00:00Z,SPONSORED_DISPLAY,DISPLAY,PRODUCT_PAGE,IMAGE,IMPRESSION,,,,,,,
annual_12_04,TOUCHPOINT,2026-12-22T12:00:00Z,SPONSORED_DISPLAY,DISPLAY,PRODUCT_PAGE,IMAGE,CLICK,,,,,,,
annual_12_04,CONVERSION,2026-12-24T12:00:00Z,,,,,,US,adv_demo_001,50,20,29,2552.00,0
annual_12_05,TOUCHPOINT,2026-12-11T12:00:00Z,AMAZON_DSP,DISPLAY,,IMAGE,IMPRESSION,,,,,,,
annual_12_05,TOUCHPOINT,2026-12-15T12:00:00Z,SPONSORED_DISPLAY,DISPLAY,PRODUCT_PAGE,IMAGE,CLICK,,,,,,,
annual_12_05,TOUCHPOINT,2026-12-18T12:00:00Z,SPONSORED_DISPLAY,VIDEO,PRODUCT_PAGE,VIDEO,CLICK,,,,,,,
annual_12_05,CONVERSION,2026-12-20T12:00:00Z,,,,,,US,adv_demo_001,52,21,24,2136.00,1
annual_12_06,TOUCHPOINT,2026-12-16T12:00:00Z,AMAZON_DSP,ONLINE_VIDEO,,VIDEO,IMPRESSION,,,,,,,
annual_12_06,TOUCHPOINT,2026-12-19T12:00:00Z,SPONSORED_DISPLAY,DISPLAY,PRODUCT_PAGE,VIDEO,IMPRESSION,,,,,,,
annual_12_06,CONVERSION,2026-12-21T12:00:00Z,,,,,,US,adv_demo_001,54,22,26,2340.00,2
annual_12_07,TOUCHPOINT,2026-12-17T12:00:00Z,AMAZON_DSP,STREAMING_TV,,VIDEO,IMPRESSION,,,,,,,
annual_12_07,TOUCHPOINT,2026-12-20T12:00:00Z,SPONSORED_DISPLAY,VIDEO,PRODUCT_PAGE,VIDEO,CLICK,,,,,,,
annual_12_07,CONVERSION,2026-12-22T12:00:00Z,,,,,,US,adv_demo_001,43,23,28,2016.00,3
annual_12_08,TOUCHPOINT,2026-12-18T12:00:00Z,SPONSORED_BRANDS,COMPONENT,TOP_OF_SEARCH,IMAGE,IMPRESSION,,,,,,,
annual_12_08,TOUCHPOINT,2026-12-21T12:00:00Z,SPONSORED_PRODUCTS,PRODUCT_AD,PRODUCT_PAGE,,CLICK,,,,,,,
annual_12_08,CONVERSION,2026-12-23T12:00:00Z,,,,,,US,adv_demo_001,45,24,30,2190.00,0
annual_12_09,TOUCHPOINT,2026-12-19T12:00:00Z,SPONSORED_BRANDS,COMPONENT,TOP_OF_SEARCH,IMAGE,CLICK,,,,,,,
annual_12_09,TOUCHPOINT,2026-12-22T12:00:00Z,SPONSORED_PRODUCTS,PRODUCT_AD,REST_OF_SEARCH,,CLICK,,,,,,,
annual_12_09,CONVERSION,2026-12-24T12:00:00Z,,,,,,US,adv_demo_001,47,25,32,2368.00,1
annual_12_10,TOUCHPOINT,2026-12-15T12:00:00Z,SPONSORED_BRANDS,DISPLAY,REST_OF_SEARCH,IMAGE,IMPRESSION,,,,,,,
annual_12_10,TOUCHPOINT,2026-12-18T12:00:00Z,SPONSORED_PRODUCTS,PRODUCT_AD,TOP_OF_SEARCH,,IMPRESSION,,,,,,,
annual_12_10,CONVERSION,2026-12-20T12:00:00Z,,,,,,US,adv_demo_001,49,26,34,2550.00,2
annual_12_11,TOUCHPOINT,2026-12-16T12:00:00Z,SPONSORED_BRANDS,VIDEO,TOP_OF_SEARCH,VIDEO,IMPRESSION,,,,,,,
annual_12_11,TOUCHPOINT,2026-12-19T12:00:00Z,SPONSORED_PRODUCTS,PRODUCT_AD,TOP_OF_SEARCH,,CLICK,,,,,,,
annual_12_11,CONVERSION,2026-12-21T12:00:00Z,,,,,,US,adv_demo_001,51,27,36,2736.00,3
reject_start,TOUCHPOINT,2026-01-01T00:00:00Z,AMAZON_DSP,AUDIO,,,IMPRESSION,,,,,,,
reject_start,CONVERSION,2026-01-02T00:00:00Z,,,,,,US,adv_demo_001,40,19,23,1679.00,1
reject_gap,TOUCHPOINT,2026-01-05T00:00:00Z,AMAZON_DSP,DISPLAY,,IMAGE,IMPRESSION,,,,,,,
reject_gap,CONVERSION,2026-01-19T00:00:01Z,,,,,,US,adv_demo_001,42,20,25,1850.00,2
