campaign_group_id,candidate_pool_id,keyword_id,sku_id,relationship_type,relevance_score
CG_DEMO_001,pool_demo_2026_07,K_RUNNING_EXACT,SKU_PEG_BLACK,EXISTING,0.98
CG_DEMO_001,pool_demo_2026_07,K_RUNNING_EXACT,SKU_PEG_WHITE,EXISTING,0.96
CG_DEMO_001,pool_demo_2026_07,K_NIKE_EXACT,SKU_PEG_BLACK,EXISTING,0.97
CG_DEMO_001,pool_demo_2026_07,K_NIKE_EXACT,SKU_PEG_WHITE,EXISTING,0.95
CG_DEMO_001,pool_demo_2026_07,K_LIGHTWEIGHT,SKU_PEG_WHITE,VALIDATED,0.91
CG_DEMO_001,pool_demo_2026_07,K_TRAIL,SKU_TRAIL_BLUE,VALIDATED,0.96
CG_DEMO_001,pool_demo_2026_07,K_PREMIUM,SKU_VOMERO_RED,VALIDATED,0.94
CG_DEMO_001,pool_demo_2026_07,K_DISCOVERY,SKU_PEG_BLACK,EXPLORATION,0.75
CG_DEMO_001,pool_demo_2026_07,K_DISCOVERY,SKU_VOMERO_RED,BLOCKED,0.30
